id,Name,Description,State,DefaultAction,Role,visible,is_keyboard_focusable,Control_Type,Top Position,Left Position,Length,Height,Area,has_children,has_invoke,has_selection,has_expand,has_selection_item,has_toggle,has_text,has_value,has_range_value,has_grid,has_grid_item,has_table,has_table_item,has_scroll_item,has_scroll,has_transform,has_transformV2,has_window,has_item_container,has_virtuzed_item,IsMenu
2-583-3-1643-71, g  Sorry in a meeting sent at 11:23 AM.,,1048576,click,16,TRUE,TRUE,Group,11,591,1060,68,72080,FALSE,TRUE,FALSE,FALSE,FALSE,FALSE,FALSE,FALSE,FALSE,FALSE,FALSE,FALSE,FALSE,TRUE,FALSE,FALSE,FALSE,FALSE,FALSE,FALSE,FALSE
2-583-71-1643-111, g  Will call later sent at 11:23 AM.,,1048576,click,16,TRUE,TRUE,Group,79,591,1060,40,42400,FALSE,TRUE,FALSE,FALSE,FALSE,FALSE,FALSE,FALSE,FALSE,FALSE,FALSE,FALSE,FALSE,TRUE,FALSE,FALSE,FALSE,FALSE,FALSE,FALSE,FALSE
2-583-111-1643-178,  Do you have an estimate time? sent at 11:27 AM.,,1048576,click,16,TRUE,TRUE,Group,119,591,1060,67,71020,FALSE,TRUE,FALSE,FALSE,FALSE,FALSE,FALSE,FALSE,FALSE,FALSE,FALSE,FALSE,FALSE,TRUE,FALSE,FALSE,FALSE,FALSE,FALSE,FALSE,FALSE
2-583-178-1643-282, g  Around 2 sent at 11:37 AM.  reacted with a Yes.,,1048576,click,16,TRUE,TRUE,Group,186,591,1060,104,110240,FALSE,TRUE,FALSE,FALSE,FALSE,FALSE,FALSE,FALSE,FALSE,FALSE,FALSE,FALSE,FALSE,TRUE,FALSE,FALSE,FALSE,FALSE,FALSE,FALSE,FALSE
2-583-282-1643-349,  Ready? sent at 2:28 PM.,,1048576,click,16,TRUE,TRUE,Group,290,591,1060,67,71020,FALSE,TRUE,FALSE,FALSE,FALSE,FALSE,FALSE,FALSE,FALSE,FALSE,FALSE,FALSE,FALSE,TRUE,FALSE,FALSE,FALSE,FALSE,FALSE,FALSE,FALSE
2-583-349-1643-405,A call from  g  at 2:40 PM.,,1048576,click,16,TRUE,TRUE,Group,357,591,1060,56,59360,FALSE,TRUE,FALSE,FALSE,FALSE,FALSE,FALSE,FALSE,FALSE,FALSE,FALSE,FALSE,FALSE,TRUE,FALSE,FALSE,FALSE,FALSE,FALSE,FALSE,FALSE
2-583-405-1643-441,Wednesday,,1048576,click,16,TRUE,TRUE,Group,413,591,1060,36,38160,FALSE,TRUE,FALSE,FALSE,FALSE,FALSE,FALSE,FALSE,FALSE,FALSE,FALSE,FALSE,FALSE,TRUE,FALSE,FALSE,FALSE,FALSE,FALSE,FALSE,FALSE
2-583-441-1643-497,A call from  g  at 11:44 AM.,,1048576,click,16,TRUE,TRUE,Group,449,591,1060,56,59360,FALSE,TRUE,FALSE,FALSE,FALSE,FALSE,FALSE,FALSE,FALSE,FALSE,FALSE,FALSE,FALSE,TRUE,FALSE,FALSE,FALSE,FALSE,FALSE,FALSE,FALSE
2-583-497-1643-533,Yesterday,,1048576,click,16,TRUE,TRUE,Group,505,591,1060,36,38160,FALSE,TRUE,FALSE,FALSE,FALSE,FALSE,FALSE,FALSE,FALSE,FALSE,FALSE,FALSE,FALSE,TRUE,FALSE,FALSE,FALSE,FALSE,FALSE,FALSE,FALSE
2-583-533-1643-600,  Ready? sent at 11:17 AM.,,1048576,click,16,TRUE,TRUE,Group,541,591,1060,67,71020,FALSE,TRUE,FALSE,FALSE,FALSE,FALSE,FALSE,FALSE,FALSE,FALSE,FALSE,FALSE,FALSE,TRUE,FALSE,FALSE,FALSE,FALSE,FALSE,FALSE,FALSE
2-583-600-1643-668, g  Not yet..let's push it to tomorrow..I just woke up..had a long work night  sent at 11:19 AM.,,1048576,click,16,TRUE,TRUE,Group,608,591,1060,68,72080,FALSE,TRUE,FALSE,FALSE,FALSE,FALSE,FALSE,FALSE,FALSE,FALSE,FALSE,FALSE,FALSE,TRUE,FALSE,FALSE,FALSE,FALSE,FALSE,FALSE,FALSE
2-583-668-1643-735,  Ok sent at 11:19 AM.,,1048576,click,16,TRUE,TRUE,Group,676,591,1060,67,71020,FALSE,TRUE,FALSE,FALSE,FALSE,FALSE,FALSE,FALSE,FALSE,FALSE,FALSE,FALSE,FALSE,TRUE,FALSE,FALSE,FALSE,FALSE,FALSE,FALSE,FALSE
2-583-735-1643-771,Today,,1048576,click,16,TRUE,TRUE,Group,743,591,1060,36,38160,FALSE,TRUE,FALSE,FALSE,FALSE,FALSE,FALSE,FALSE,FALSE,FALSE,FALSE,FALSE,FALSE,TRUE,FALSE,FALSE,FALSE,FALSE,FALSE,FALSE,FALSE
2-583-771-1643-838,  Ready? sent at 11:01 AM.,,1048576,click,16,TRUE,TRUE,Group,779,591,1060,67,71020,FALSE,TRUE,FALSE,FALSE,FALSE,FALSE,FALSE,FALSE,FALSE,FALSE,FALSE,FALSE,FALSE,TRUE,FALSE,FALSE,FALSE,FALSE,FALSE,FALSE,FALSE
2-583-838-1643-862,Conversation read up to this point by 1 person.,,1048576,click,16,TRUE,TRUE,Group,846,591,1060,24,25440,FALSE,TRUE,FALSE,FALSE,FALSE,FALSE,FALSE,FALSE,FALSE,FALSE,FALSE,FALSE,FALSE,TRUE,FALSE,FALSE,FALSE,FALSE,FALSE,FALSE,FALSE
2-583-918-1643-944,,,1048576,click,16,TRUE,TRUE,Pane,926,591,1060,26,27560,FALSE,TRUE,FALSE,FALSE,FALSE,FALSE,FALSE,FALSE,FALSE,FALSE,FALSE,FALSE,FALSE,TRUE,FALSE,FALSE,FALSE,FALSE,FALSE,FALSE,FALSE
3-583-13-623-55, g  profile,,1048576,press,43,TRUE,TRUE,Button,21,591,40,42,1680,FALSE,TRUE,FALSE,FALSE,FALSE,FALSE,FALSE,FALSE,FALSE,FALSE,FALSE,FALSE,FALSE,TRUE,FALSE,FALSE,FALSE,FALSE,FALSE,FALSE,FALSE
3-644-42-754-61,Sorry in a meeting,,0,click ancestor,41,TRUE,FALSE,Text,50,652,110,19,2090,FALSE,TRUE,FALSE,FALSE,FALSE,FALSE,FALSE,FALSE,FALSE,FALSE,FALSE,FALSE,FALSE,TRUE,FALSE,FALSE,FALSE,FALSE,FALSE,FALSE,FALSE
3-765-30-810-69,React to this message,React to this message,1048576,press,43,TRUE,TRUE,Button,38,773,45,39,1755,FALSE,TRUE,FALSE,FALSE,FALSE,FALSE,FALSE,FALSE,FALSE,FALSE,FALSE,FALSE,FALSE,TRUE,FALSE,FALSE,FALSE,FALSE,FALSE,FALSE,FALSE
3-644-82-720-101,Will call later,,0,click ancestor,41,TRUE,FALSE,Text,90,652,76,19,1444,FALSE,TRUE,FALSE,FALSE,FALSE,FALSE,FALSE,FALSE,FALSE,FALSE,FALSE,FALSE,FALSE,TRUE,FALSE,FALSE,FALSE,FALSE,FALSE,FALSE,FALSE
3-731-72-776-111,React to this message,React to this message,1048576,press,43,TRUE,TRUE,Button,80,739,45,39,1755,FALSE,TRUE,FALSE,FALSE,FALSE,FALSE,FALSE,FALSE,FALSE,FALSE,FALSE,FALSE,FALSE,TRUE,FALSE,FALSE,FALSE,FALSE,FALSE,FALSE,FALSE
3-1396-149-1581-168,Do you have an estimate time?,,0,click ancestor,41,TRUE,FALSE,Text,157,1404,185,19,3515,FALSE,TRUE,FALSE,FALSE,FALSE,FALSE,FALSE,FALSE,FALSE,FALSE,FALSE,FALSE,FALSE,TRUE,FALSE,FALSE,FALSE,FALSE,FALSE,FALSE,FALSE
3-583-188-623-230, g  profile,,1048576,press,43,TRUE,TRUE,Button,196,591,40,42,1680,FALSE,TRUE,FALSE,FALSE,FALSE,FALSE,FALSE,FALSE,FALSE,FALSE,FALSE,FALSE,FALSE,TRUE,FALSE,FALSE,FALSE,FALSE,FALSE,FALSE,FALSE
3-644-217-700-236,Around 2,,0,click ancestor,41,TRUE,FALSE,Text,225,652,56,19,1064,FALSE,TRUE,FALSE,FALSE,FALSE,FALSE,FALSE,FALSE,FALSE,FALSE,FALSE,FALSE,FALSE,TRUE,FALSE,FALSE,FALSE,FALSE,FALSE,FALSE,FALSE
3-643-246-673-276,  reacted with a Yes.,See who reacted with emoticon Yes,1048576,press,43,TRUE,TRUE,Button,254,651,30,30,900,FALSE,TRUE,FALSE,FALSE,FALSE,FALSE,FALSE,FALSE,FALSE,FALSE,FALSE,FALSE,FALSE,TRUE,FALSE,FALSE,FALSE,FALSE,FALSE,FALSE,FALSE
3-714-205-759-244,React to this message,React to this message,1048576,press,43,TRUE,TRUE,Button,213,722,45,39,1755,FALSE,TRUE,FALSE,FALSE,FALSE,FALSE,FALSE,FALSE,FALSE,FALSE,FALSE,FALSE,FALSE,TRUE,FALSE,FALSE,FALSE,FALSE,FALSE,FALSE,FALSE
3-1538-320-1581-339,Ready?,,0,click ancestor,41,TRUE,FALSE,Text,328,1546,43,19,817,FALSE,TRUE,FALSE,FALSE,FALSE,FALSE,FALSE,FALSE,FALSE,FALSE,FALSE,FALSE,FALSE,TRUE,FALSE,FALSE,FALSE,FALSE,FALSE,FALSE,FALSE
3-1091-369-1135-385,2:40 PM,,0,,41,TRUE,FALSE,Text,377,1099,44,16,704,FALSE,FALSE,FALSE,FALSE,FALSE,FALSE,FALSE,FALSE,FALSE,FALSE,FALSE,FALSE,FALSE,TRUE,FALSE,FALSE,FALSE,FALSE,FALSE,FALSE,FALSE
3-633-405-1593-441,Wednesday,,1048576,click ancestor,20,TRUE,TRUE,Text,413,641,960,36,34560,FALSE,TRUE,FALSE,FALSE,FALSE,FALSE,FALSE,FALSE,FALSE,FALSE,FALSE,FALSE,FALSE,TRUE,FALSE,FALSE,FALSE,FALSE,FALSE,FALSE,FALSE
3-1087-461-1139-477,11:44 AM,,0,,41,TRUE,FALSE,Text,469,1095,52,16,832,FALSE,FALSE,FALSE,FALSE,FALSE,FALSE,FALSE,FALSE,FALSE,FALSE,FALSE,FALSE,FALSE,TRUE,FALSE,FALSE,FALSE,FALSE,FALSE,FALSE,FALSE
3-633-497-1593-533,Yesterday,,1048576,click ancestor,20,TRUE,TRUE,Text,505,641,960,36,34560,FALSE,TRUE,FALSE,FALSE,FALSE,FALSE,FALSE,FALSE,FALSE,FALSE,FALSE,FALSE,FALSE,TRUE,FALSE,FALSE,FALSE,FALSE,FALSE,FALSE,FALSE
3-1538-571-1581-590,Ready?,,0,click ancestor,41,TRUE,FALSE,Text,579,1546,43,19,817,FALSE,TRUE,FALSE,FALSE,FALSE,FALSE,FALSE,FALSE,FALSE,FALSE,FALSE,FALSE,FALSE,TRUE,FALSE,FALSE,FALSE,FALSE,FALSE,FALSE,FALSE
3-583-610-623-652, g  profile,,1048576,press,43,TRUE,TRUE,Button,618,591,40,42,1680,FALSE,TRUE,FALSE,FALSE,FALSE,FALSE,FALSE,FALSE,FALSE,FALSE,FALSE,FALSE,FALSE,TRUE,FALSE,FALSE,FALSE,FALSE,FALSE,FALSE,FALSE
3-644-639-1072-658,Not yet..let's push it to tomorrow..I just woke up..had a long work night ,,0,click ancestor,41,TRUE,FALSE,Text,647,652,428,19,8132,FALSE,TRUE,FALSE,FALSE,FALSE,FALSE,FALSE,FALSE,FALSE,FALSE,FALSE,FALSE,FALSE,TRUE,FALSE,FALSE,FALSE,FALSE,FALSE,FALSE,FALSE
3-1083-627-1128-666,React to this message,React to this message,1048576,press,43,TRUE,TRUE,Button,635,1091,45,39,1755,FALSE,TRUE,FALSE,FALSE,FALSE,FALSE,FALSE,FALSE,FALSE,FALSE,FALSE,FALSE,FALSE,TRUE,FALSE,FALSE,FALSE,FALSE,FALSE,FALSE,FALSE
3-1553-706-1571-725,Ok,,0,click ancestor,41,TRUE,FALSE,Text,714,1561,18,19,342,FALSE,TRUE,FALSE,FALSE,FALSE,FALSE,FALSE,FALSE,FALSE,FALSE,FALSE,FALSE,FALSE,TRUE,FALSE,FALSE,FALSE,FALSE,FALSE,FALSE,FALSE
3-633-735-1593-771,Today,,1048576,click ancestor,20,TRUE,TRUE,Text,743,641,960,36,34560,FALSE,TRUE,FALSE,FALSE,FALSE,FALSE,FALSE,FALSE,FALSE,FALSE,FALSE,FALSE,FALSE,TRUE,FALSE,FALSE,FALSE,FALSE,FALSE,FALSE,FALSE
3-1538-809-1581-828,Ready?,,0,click ancestor,41,TRUE,FALSE,Text,817,1546,43,19,817,FALSE,TRUE,FALSE,FALSE,FALSE,FALSE,FALSE,FALSE,FALSE,FALSE,FALSE,FALSE,FALSE,TRUE,FALSE,FALSE,FALSE,FALSE,FALSE,FALSE,FALSE
3-1573-838-1593-862,Conversation read up to this point by 1 person.,,1048576,press,43,TRUE,TRUE,Button,846,1581,20,24,480,FALSE,TRUE,FALSE,FALSE,FALSE,FALSE,FALSE,FALSE,FALSE,FALSE,FALSE,FALSE,FALSE,TRUE,FALSE,FALSE,FALSE,FALSE,FALSE,FALSE,FALSE
2-8-196-158-228,Meet Now,Meet Now,1074790400,open,57,TRUE,TRUE,MenuItem,204,16,150,32,4800,FALSE,TRUE,FALSE,TRUE,FALSE,FALSE,FALSE,FALSE,FALSE,FALSE,FALSE,FALSE,FALSE,TRUE,FALSE,FALSE,FALSE,FALSE,FALSE,FALSE,TRUE
2-167-196-313-228,New Chat,New Chat,1074790400,open,57,TRUE,TRUE,MenuItem,204,175,146,32,4672,FALSE,TRUE,FALSE,TRUE,FALSE,FALSE,FALSE,FALSE,FALSE,FALSE,FALSE,FALSE,FALSE,TRUE,FALSE,FALSE,FALSE,FALSE,FALSE,FALSE,TRUE
2-10-248-95-264,Sort menu Recent chats,,1074790400,open,57,TRUE,TRUE,MenuItem,256,18,85,16,1360,FALSE,TRUE,FALSE,TRUE,FALSE,FALSE,FALSE,FALSE,FALSE,FALSE,FALSE,FALSE,FALSE,TRUE,FALSE,FALSE,FALSE,FALSE,FALSE,FALSE,FALSE
3-60-204-116-220,Meet Now,,0,,41,TRUE,FALSE,Text,212,68,56,16,896,FALSE,FALSE,FALSE,FALSE,FALSE,FALSE,FALSE,FALSE,FALSE,FALSE,FALSE,FALSE,FALSE,TRUE,FALSE,FALSE,FALSE,FALSE,FALSE,FALSE,FALSE
3-219-204-271-220,New Chat,,0,,41,TRUE,FALSE,Text,212,227,52,16,832,FALSE,FALSE,FALSE,FALSE,FALSE,FALSE,FALSE,FALSE,FALSE,FALSE,FALSE,FALSE,FALSE,TRUE,FALSE,FALSE,FALSE,FALSE,FALSE,FALSE,FALSE
3-10-248-81-264,Recent chats,,0,,41,TRUE,FALSE,Text,256,18,71,16,1136,FALSE,FALSE,FALSE,FALSE,FALSE,FALSE,FALSE,FALSE,FALSE,FALSE,FALSE,FALSE,FALSE,TRUE,FALSE,FALSE,FALSE,FALSE,FALSE,FALSE,FALSE
3-0-277-321-425,Favorites,,1048576,,20,TRUE,TRUE,Group,285,8,321,148,47508,FALSE,FALSE,FALSE,FALSE,FALSE,FALSE,FALSE,FALSE,FALSE,FALSE,FALSE,FALSE,FALSE,TRUE,FALSE,FALSE,FALSE,FALSE,FALSE,FALSE,FALSE
3-0-425-321-3287,Chats,,1048576,,20,TRUE,TRUE,Group,433,8,321,2862,918702,FALSE,FALSE,FALSE,FALSE,FALSE,FALSE,FALSE,FALSE,FALSE,FALSE,FALSE,FALSE,FALSE,TRUE,FALSE,FALSE,FALSE,FALSE,FALSE,FALSE,FALSE
4-0-307-321-366,favorite  chat A call 4/13/2019 No new messages ,,1048576,press,43,TRUE,TRUE,Button,315,8,321,59,18939,FALSE,TRUE,FALSE,FALSE,FALSE,FALSE,FALSE,FALSE,FALSE,FALSE,FALSE,FALSE,FALSE,TRUE,FALSE,FALSE,FALSE,FALSE,FALSE,FALSE,FALSE
4-0-366-321-425,favorite D-Train chat a photo 6/7/2017 No new messages ,,1048576,press,43,TRUE,TRUE,Button,374,8,321,59,18939,FALSE,TRUE,FALSE,FALSE,FALSE,FALSE,FALSE,FALSE,FALSE,FALSE,FALSE,FALSE,FALSE,TRUE,FALSE,FALSE,FALSE,FALSE,FALSE,FALSE,FALSE
4-0-455-321-514, g  Recently active chat A call 11:15 AM No new messages selected,,1048576,press,43,TRUE,TRUE,Button,463,8,321,59,18939,FALSE,TRUE,FALSE,FALSE,FALSE,FALSE,FALSE,FALSE,FALSE,FALSE,FALSE,FALSE,FALSE,TRUE,FALSE,FALSE,FALSE,FALSE,FALSE,FALSE,FALSE
4-0-514-321-573,  g  group chat A call 9/9/2021 No new messages ,,1048576,press,43,TRUE,TRUE,Button,522,8,321,59,18939,FALSE,TRUE,FALSE,FALSE,FALSE,FALSE,FALSE,FALSE,FALSE,FALSE,FALSE,FALSE,FALSE,TRUE,FALSE,FALSE,FALSE,FALSE,FALSE,FALSE,FALSE
4-0-573-321-632,Meeting with  group chat   has made the chat history visible to everyone 9/9/2021 No new messages ,,1048576,press,43,TRUE,TRUE,Button,581,8,321,59,18939,FALSE,TRUE,FALSE,FALSE,FALSE,FALSE,FALSE,FALSE,FALSE,FALSE,FALSE,FALSE,FALSE,TRUE,FALSE,FALSE,FALSE,FALSE,FALSE,FALSE,FALSE
4-0-632-321-691, Active now chat A call 1/28/2021 No new messages ,,1048576,press,43,TRUE,TRUE,Button,640,8,321,59,18939,FALSE,TRUE,FALSE,FALSE,FALSE,FALSE,FALSE,FALSE,FALSE,FALSE,FALSE,FALSE,FALSE,TRUE,FALSE,FALSE,FALSE,FALSE,FALSE,FALSE,FALSE
4-0-691-321-750,    group chat A call 9/8/2020 No new messages ,,1048576,press,43,TRUE,TRUE,Button,699,8,321,59,18939,FALSE,TRUE,FALSE,FALSE,FALSE,FALSE,FALSE,FALSE,FALSE,FALSE,FALSE,FALSE,FALSE,TRUE,FALSE,FALSE,FALSE,FALSE,FALSE,FALSE,FALSE
4-0-750-321-809,  group chat A call 6/29/2020 No new messages ,,1048576,press,43,TRUE,TRUE,Button,758,8,321,59,18939,FALSE,TRUE,FALSE,FALSE,FALSE,FALSE,FALSE,FALSE,FALSE,FALSE,FALSE,FALSE,FALSE,TRUE,FALSE,FALSE,FALSE,FALSE,FALSE,FALSE,FALSE
4-0-809-321-868,   group chat A call 6/20/2020 No new messages ,,1048576,press,43,TRUE,TRUE,Button,817,8,321,59,18939,FALSE,TRUE,FALSE,FALSE,FALSE,FALSE,FALSE,FALSE,FALSE,FALSE,FALSE,FALSE,FALSE,TRUE,FALSE,FALSE,FALSE,FALSE,FALSE,FALSE,FALSE
4-0-868-321-927, chat A call 2/15/2020 No new messages ,,1048576,press,43,TRUE,TRUE,Button,876,8,321,59,18939,FALSE,TRUE,FALSE,FALSE,FALSE,FALSE,FALSE,FALSE,FALSE,FALSE,FALSE,FALSE,FALSE,TRUE,FALSE,FALSE,FALSE,FALSE,FALSE,FALSE,FALSE
4-0-927-321-986,   g  group chat  added  g  to this conversation 1/5/2020 No new messages ,,1048576,press,43,TRUE,TRUE,Button,935,8,321,59,18939,FALSE,TRUE,FALSE,FALSE,FALSE,FALSE,FALSE,FALSE,FALSE,FALSE,FALSE,FALSE,FALSE,TRUE,FALSE,FALSE,FALSE,FALSE,FALSE,FALSE,FALSE
4-0-986-321-1045,,,1048576,press,43,TRUE,TRUE,Button,994,8,321,59,18939,FALSE,TRUE,FALSE,FALSE,FALSE,FALSE,FALSE,FALSE,FALSE,FALSE,FALSE,FALSE,FALSE,TRUE,FALSE,FALSE,FALSE,FALSE,FALSE,FALSE,FALSE
5-58-313-106-334,,,0,,41,TRUE,FALSE,Text,321,66,48,21,1008,FALSE,FALSE,FALSE,FALSE,FALSE,FALSE,FALSE,FALSE,FALSE,FALSE,FALSE,FALSE,FALSE,TRUE,FALSE,FALSE,FALSE,FALSE,FALSE,FALSE,FALSE
5-78-334-215-355,Call ended - 16m 46s,,0,click ancestor,41,TRUE,FALSE,Text,342,86,137,21,2877,FALSE,TRUE,FALSE,FALSE,FALSE,FALSE,FALSE,FALSE,FALSE,FALSE,FALSE,FALSE,FALSE,TRUE,FALSE,FALSE,FALSE,FALSE,FALSE,FALSE,FALSE
5-251-317-306-333,4/13/2019,,0,,41,TRUE,FALSE,Text,325,259,55,16,880,FALSE,FALSE,FALSE,FALSE,FALSE,FALSE,FALSE,FALSE,FALSE,FALSE,FALSE,FALSE,FALSE,TRUE,FALSE,FALSE,FALSE,FALSE,FALSE,FALSE,FALSE
5-58-372-107-393,D-Train,,0,,41,TRUE,FALSE,Text,380,66,49,21,1029,FALSE,FALSE,FALSE,FALSE,FALSE,FALSE,FALSE,FALSE,FALSE,FALSE,FALSE,FALSE,FALSE,TRUE,FALSE,FALSE,FALSE,FALSE,FALSE,FALSE,FALSE
5-78-393-117-414,photo,,0,click ancestor,41,TRUE,FALSE,Text,401,86,39,21,819,FALSE,TRUE,FALSE,FALSE,FALSE,FALSE,FALSE,FALSE,FALSE,FALSE,FALSE,FALSE,FALSE,TRUE,FALSE,FALSE,FALSE,FALSE,FALSE,FALSE,FALSE
5-257-376-306-392,6/7/2017,,0,,41,TRUE,FALSE,Text,384,265,49,16,784,FALSE,FALSE,FALSE,FALSE,FALSE,FALSE,FALSE,FALSE,FALSE,FALSE,FALSE,FALSE,FALSE,TRUE,FALSE,FALSE,FALSE,FALSE,FALSE,FALSE,FALSE
5-58-461-147-482, g ,,0,,41,TRUE,FALSE,Text,469,66,89,21,1869,FALSE,FALSE,FALSE,FALSE,FALSE,FALSE,FALSE,FALSE,FALSE,FALSE,FALSE,FALSE,FALSE,TRUE,FALSE,FALSE,FALSE,FALSE,FALSE,FALSE,FALSE
5-78-482-215-503,Call ended - 11m 17s,,0,click ancestor,41,TRUE,FALSE,Text,490,86,137,21,2877,FALSE,TRUE,FALSE,FALSE,FALSE,FALSE,FALSE,FALSE,FALSE,FALSE,FALSE,FALSE,FALSE,TRUE,FALSE,FALSE,FALSE,FALSE,FALSE,FALSE,FALSE
5-255-465-306-481,11:15 AM,,0,,41,TRUE,FALSE,Text,473,263,51,16,816,FALSE,FALSE,FALSE,FALSE,FALSE,FALSE,FALSE,FALSE,FALSE,FALSE,FALSE,FALSE,FALSE,TRUE,FALSE,FALSE,FALSE,FALSE,FALSE,FALSE,FALSE
5-58-520-198-541,  g ,,0,,41,TRUE,FALSE,Text,528,66,140,21,2940,FALSE,FALSE,FALSE,FALSE,FALSE,FALSE,FALSE,FALSE,FALSE,FALSE,FALSE,FALSE,FALSE,TRUE,FALSE,FALSE,FALSE,FALSE,FALSE,FALSE,FALSE
5-78-541-207-562,Call ended - 39m 8s,,0,click ancestor,41,TRUE,FALSE,Text,549,86,129,21,2709,FALSE,TRUE,FALSE,FALSE,FALSE,FALSE,FALSE,FALSE,FALSE,FALSE,FALSE,FALSE,FALSE,TRUE,FALSE,FALSE,FALSE,FALSE,FALSE,FALSE,FALSE
5-257-524-306-540,9/9/2021,,0,,41,TRUE,FALSE,Text,532,265,49,16,784,FALSE,FALSE,FALSE,FALSE,FALSE,FALSE,FALSE,FALSE,FALSE,FALSE,FALSE,FALSE,FALSE,TRUE,FALSE,FALSE,FALSE,FALSE,FALSE,FALSE,FALSE
5-58-579-181-600,Meeting with ,,0,,41,TRUE,FALSE,Text,587,66,123,21,2583,FALSE,FALSE,FALSE,FALSE,FALSE,FALSE,FALSE,FALSE,FALSE,FALSE,FALSE,FALSE,FALSE,TRUE,FALSE,FALSE,FALSE,FALSE,FALSE,FALSE,FALSE
5-60-600-136-621, ,,0,,41,TRUE,FALSE,Text,608,68,76,21,1596,FALSE,FALSE,FALSE,FALSE,FALSE,FALSE,FALSE,FALSE,FALSE,FALSE,FALSE,FALSE,FALSE,TRUE,FALSE,FALSE,FALSE,FALSE,FALSE,FALSE,FALSE
5-135-600-248-621, has made the chat history visible to everyone,,0,,41,TRUE,FALSE,Text,608,143,113,21,2373,FALSE,FALSE,FALSE,FALSE,FALSE,FALSE,FALSE,FALSE,FALSE,FALSE,FALSE,FALSE,FALSE,TRUE,FALSE,FALSE,FALSE,FALSE,FALSE,FALSE,FALSE
5-257-583-306-599,9/9/2021,,0,,41,TRUE,FALSE,Text,591,265,49,16,784,FALSE,FALSE,FALSE,FALSE,FALSE,FALSE,FALSE,FALSE,FALSE,FALSE,FALSE,FALSE,FALSE,TRUE,FALSE,FALSE,FALSE,FALSE,FALSE,FALSE,FALSE
5-58-638-103-659,,,0,,41,TRUE,FALSE,Text,646,66,45,21,945,FALSE,FALSE,FALSE,FALSE,FALSE,FALSE,FALSE,FALSE,FALSE,FALSE,FALSE,FALSE,FALSE,TRUE,FALSE,FALSE,FALSE,FALSE,FALSE,FALSE,FALSE
5-78-659-215-680,Call ended - 10m 48s,,0,click ancestor,41,TRUE,FALSE,Text,667,86,137,21,2877,FALSE,TRUE,FALSE,FALSE,FALSE,FALSE,FALSE,FALSE,FALSE,FALSE,FALSE,FALSE,FALSE,TRUE,FALSE,FALSE,FALSE,FALSE,FALSE,FALSE,FALSE
5-251-642-306-658,1/28/2021,,0,,41,TRUE,FALSE,Text,650,259,55,16,880,FALSE,FALSE,FALSE,FALSE,FALSE,FALSE,FALSE,FALSE,FALSE,FALSE,FALSE,FALSE,FALSE,TRUE,FALSE,FALSE,FALSE,FALSE,FALSE,FALSE,FALSE
5-58-697-241-718,   ,,0,,41,TRUE,FALSE,Text,705,66,183,21,3843,FALSE,FALSE,FALSE,FALSE,FALSE,FALSE,FALSE,FALSE,FALSE,FALSE,FALSE,FALSE,FALSE,TRUE,FALSE,FALSE,FALSE,FALSE,FALSE,FALSE,FALSE
5-78-718-207-739,Call ended - 10m 7s,,0,click ancestor,41,TRUE,FALSE,Text,726,86,129,21,2709,FALSE,TRUE,FALSE,FALSE,FALSE,FALSE,FALSE,FALSE,FALSE,FALSE,FALSE,FALSE,FALSE,TRUE,FALSE,FALSE,FALSE,FALSE,FALSE,FALSE,FALSE
5-257-701-306-717,9/8/2020,,0,,41,TRUE,FALSE,Text,709,265,49,16,784,FALSE,FALSE,FALSE,FALSE,FALSE,FALSE,FALSE,FALSE,FALSE,FALSE,FALSE,FALSE,FALSE,TRUE,FALSE,FALSE,FALSE,FALSE,FALSE,FALSE,FALSE
5-58-756-169-777, ,,0,,41,TRUE,FALSE,Text,764,66,111,21,2331,FALSE,FALSE,FALSE,FALSE,FALSE,FALSE,FALSE,FALSE,FALSE,FALSE,FALSE,FALSE,FALSE,TRUE,FALSE,FALSE,FALSE,FALSE,FALSE,FALSE,FALSE
5-78-777-207-798,Call ended - 34m 0s,,0,click ancestor,41,TRUE,FALSE,Text,785,86,129,21,2709,FALSE,TRUE,FALSE,FALSE,FALSE,FALSE,FALSE,FALSE,FALSE,FALSE,FALSE,FALSE,FALSE,TRUE,FALSE,FALSE,FALSE,FALSE,FALSE,FALSE,FALSE
5-251-760-306-776,6/29/2020,,0,,41,TRUE,FALSE,Text,768,259,55,16,880,FALSE,FALSE,FALSE,FALSE,FALSE,FALSE,FALSE,FALSE,FALSE,FALSE,FALSE,FALSE,FALSE,TRUE,FALSE,FALSE,FALSE,FALSE,FALSE,FALSE,FALSE
5-58-815-235-836,  ,,0,,41,TRUE,FALSE,Text,823,66,177,21,3717,FALSE,FALSE,FALSE,FALSE,FALSE,FALSE,FALSE,FALSE,FALSE,FALSE,FALSE,FALSE,FALSE,TRUE,FALSE,FALSE,FALSE,FALSE,FALSE,FALSE,FALSE
5-78-836-227-857,Call ended - 2h 2m 31s,,0,click ancestor,41,TRUE,FALSE,Text,844,86,149,21,3129,FALSE,TRUE,FALSE,FALSE,FALSE,FALSE,FALSE,FALSE,FALSE,FALSE,FALSE,FALSE,FALSE,TRUE,FALSE,FALSE,FALSE,FALSE,FALSE,FALSE,FALSE
5-251-819-306-835,6/20/2020,,0,,41,TRUE,FALSE,Text,827,259,55,16,880,FALSE,FALSE,FALSE,FALSE,FALSE,FALSE,FALSE,FALSE,FALSE,FALSE,FALSE,FALSE,FALSE,TRUE,FALSE,FALSE,FALSE,FALSE,FALSE,FALSE,FALSE
5-58-874-117-895,,,0,,41,TRUE,FALSE,Text,882,66,59,21,1239,FALSE,FALSE,FALSE,FALSE,FALSE,FALSE,FALSE,FALSE,FALSE,FALSE,FALSE,FALSE,FALSE,TRUE,FALSE,FALSE,FALSE,FALSE,FALSE,FALSE,FALSE
5-78-895-235-916,Call ended - 1h 32m 35s,,0,click ancestor,41,TRUE,FALSE,Text,903,86,157,21,3297,FALSE,TRUE,FALSE,FALSE,FALSE,FALSE,FALSE,FALSE,FALSE,FALSE,FALSE,FALSE,FALSE,TRUE,FALSE,FALSE,FALSE,FALSE,FALSE,FALSE,FALSE
5-251-878-306-894,2/15/2020,,0,,41,TRUE,FALSE,Text,886,259,55,16,880,FALSE,FALSE,FALSE,FALSE,FALSE,FALSE,FALSE,FALSE,FALSE,FALSE,FALSE,FALSE,FALSE,TRUE,FALSE,FALSE,FALSE,FALSE,FALSE,FALSE,FALSE
5-58-933-244-954,   g ,,0,,41,TRUE,FALSE,Text,941,66,186,21,3906,FALSE,FALSE,FALSE,FALSE,FALSE,FALSE,FALSE,FALSE,FALSE,FALSE,FALSE,FALSE,FALSE,TRUE,FALSE,FALSE,FALSE,FALSE,FALSE,FALSE,FALSE
5-58-954-115-975,,,0,,41,TRUE,FALSE,Text,962,66,57,21,1197,FALSE,FALSE,FALSE,FALSE,FALSE,FALSE,FALSE,FALSE,FALSE,FALSE,FALSE,FALSE,FALSE,TRUE,FALSE,FALSE,FALSE,FALSE,FALSE,FALSE,FALSE
5-114-954-164-975, added ,,0,,41,TRUE,FALSE,Text,962,122,50,21,1050,FALSE,FALSE,FALSE,FALSE,FALSE,FALSE,FALSE,FALSE,FALSE,FALSE,FALSE,FALSE,FALSE,TRUE,FALSE,FALSE,FALSE,FALSE,FALSE,FALSE,FALSE
5-163-954-253-975, g ,,0,,41,TRUE,FALSE,Text,962,171,90,21,1890,FALSE,FALSE,FALSE,FALSE,FALSE,FALSE,FALSE,FALSE,FALSE,FALSE,FALSE,FALSE,FALSE,TRUE,FALSE,FALSE,FALSE,FALSE,FALSE,FALSE,FALSE
5-249-954-380-975, to this conversation,,0,,41,TRUE,FALSE,Text,962,257,131,21,2751,FALSE,FALSE,FALSE,FALSE,FALSE,FALSE,FALSE,FALSE,FALSE,FALSE,FALSE,FALSE,FALSE,TRUE,FALSE,FALSE,FALSE,FALSE,FALSE,FALSE,FALSE
5-257-937-306-953,1/5/2020,,0,,41,TRUE,FALSE,Text,945,265,49,16,784,FALSE,FALSE,FALSE,FALSE,FALSE,FALSE,FALSE,FALSE,FALSE,FALSE,FALSE,FALSE,FALSE,TRUE,FALSE,FALSE,FALSE,FALSE,FALSE,FALSE,FALSE
5-58-992-235-1013,,,0,,41,TRUE,FALSE,Text,1000,66,177,21,3717,FALSE,FALSE,FALSE,FALSE,FALSE,FALSE,FALSE,FALSE,FALSE,FALSE,FALSE,FALSE,FALSE,TRUE,FALSE,FALSE,FALSE,FALSE,FALSE,FALSE,FALSE
5-58-1013-70-1034,hi,,0,click ancestor,41,TRUE,FALSE,Text,1021,66,12,21,252,FALSE,TRUE,FALSE,FALSE,FALSE,FALSE,FALSE,FALSE,FALSE,FALSE,FALSE,FALSE,FALSE,TRUE,FALSE,FALSE,FALSE,FALSE,FALSE,FALSE,FALSE
5-251-996-306-1012,8/17/2019,,0,,41,TRUE,FALSE,Text,1004,259,55,16,880,FALSE,FALSE,FALSE,FALSE,FALSE,FALSE,FALSE,FALSE,FALSE,FALSE,FALSE,FALSE,FALSE,TRUE,FALSE,FALSE,FALSE,FALSE,FALSE,FALSE,FALSE
2-8-196-166-228,Meet Now,Meet Now,1074790400,open,57,TRUE,TRUE,MenuItem,204,16,158,32,5056,FALSE,TRUE,FALSE,TRUE,FALSE,FALSE,FALSE,FALSE,FALSE,FALSE,FALSE,FALSE,FALSE,TRUE,FALSE,FALSE,FALSE,FALSE,FALSE,FALSE,TRUE
2-175-196-314-228,New Call,New Call,1048576,press,43,TRUE,TRUE,Button,204,183,139,32,4448,FALSE,TRUE,FALSE,FALSE,FALSE,FALSE,FALSE,FALSE,FALSE,FALSE,FALSE,FALSE,FALSE,TRUE,FALSE,FALSE,FALSE,FALSE,FALSE,FALSE,TRUE
2-10-248-40-264,View menu All,,1074790400,open,57,TRUE,TRUE,MenuItem,256,18,30,16,480,FALSE,TRUE,FALSE,TRUE,FALSE,FALSE,FALSE,FALSE,FALSE,FALSE,FALSE,FALSE,FALSE,TRUE,FALSE,FALSE,FALSE,FALSE,FALSE,FALSE,FALSE
2-0-277-321-889,Recent calls People,,1048640,,33,TRUE,TRUE,List,285,8,321,612,196452,FALSE,FALSE,TRUE,FALSE,FALSE,FALSE,FALSE,FALSE,FALSE,FALSE,FALSE,FALSE,FALSE,TRUE,FALSE,FALSE,FALSE,FALSE,FALSE,FALSE,FALSE
2-60-905-143-921,Skype to Phone,,0,,41,TRUE,FALSE,Text,913,68,83,16,1328,FALSE,FALSE,FALSE,FALSE,FALSE,FALSE,FALSE,FALSE,FALSE,FALSE,FALSE,FALSE,FALSE,TRUE,FALSE,FALSE,FALSE,FALSE,FALSE,FALSE,FALSE
2-60-922-240-964,Call phones and send SMS at affordable rates,,0,,41,TRUE,FALSE,Text,930,68,180,42,7560,FALSE,FALSE,FALSE,FALSE,FALSE,FALSE,FALSE,FALSE,FALSE,FALSE,FALSE,FALSE,FALSE,TRUE,FALSE,FALSE,FALSE,FALSE,FALSE,FALSE,FALSE
2-243-905-315-953,Free trial,Free trial,1048576,press,43,TRUE,TRUE,Button,913,251,72,48,3456,FALSE,TRUE,FALSE,FALSE,FALSE,FALSE,FALSE,FALSE,FALSE,FALSE,FALSE,FALSE,FALSE,TRUE,FALSE,FALSE,FALSE,FALSE,FALSE,FALSE,FALSE
2-301-901-315-915,Close,Close,1048576,press,43,TRUE,TRUE,Button,909,309,14,14,196,FALSE,TRUE,FALSE,FALSE,FALSE,FALSE,FALSE,FALSE,FALSE,FALSE,FALSE,FALSE,FALSE,TRUE,FALSE,FALSE,FALSE,FALSE,FALSE,FALSE,FALSE
2-52-990-269-1030,Call Multiple People,Call Multiple People,1048576,press,43,TRUE,TRUE,Button,998,60,217,40,8680,FALSE,TRUE,FALSE,FALSE,FALSE,FALSE,FALSE,FALSE,FALSE,FALSE,FALSE,FALSE,FALSE,TRUE,FALSE,FALSE,FALSE,FALSE,FALSE,FALSE,FALSE
3-64-204-120-220,Meet Now,,0,,41,TRUE,FALSE,Text,212,72,56,16,896,FALSE,FALSE,FALSE,FALSE,FALSE,FALSE,FALSE,FALSE,FALSE,FALSE,FALSE,FALSE,FALSE,TRUE,FALSE,FALSE,FALSE,FALSE,FALSE,FALSE,FALSE
3-232-204-279-220,New Call,,0,,41,TRUE,FALSE,Text,212,240,47,16,752,FALSE,FALSE,FALSE,FALSE,FALSE,FALSE,FALSE,FALSE,FALSE,FALSE,FALSE,FALSE,FALSE,TRUE,FALSE,FALSE,FALSE,FALSE,FALSE,FALSE,FALSE
3-10-248-26-264,All,,0,,41,TRUE,FALSE,Text,256,18,16,16,256,FALSE,FALSE,FALSE,FALSE,FALSE,FALSE,FALSE,FALSE,FALSE,FALSE,FALSE,FALSE,FALSE,TRUE,FALSE,FALSE,FALSE,FALSE,FALSE,FALSE,FALSE
3-0-277-321-1045,Recent calls,,1048576,,20,TRUE,TRUE,Group,285,8,321,768,246528,FALSE,FALSE,FALSE,FALSE,FALSE,FALSE,FALSE,FALSE,FALSE,FALSE,FALSE,FALSE,FALSE,TRUE,FALSE,FALSE,FALSE,FALSE,FALSE,FALSE,FALSE
3-258-930-305-946,Free trial,,0,,41,TRUE,FALSE,Text,938,266,47,16,752,FALSE,FALSE,FALSE,FALSE,FALSE,FALSE,FALSE,FALSE,FALSE,FALSE,FALSE,FALSE,FALSE,TRUE,FALSE,FALSE,FALSE,FALSE,FALSE,FALSE,FALSE
3-101-1000-244-1020,Call Multiple People,,0,,41,TRUE,FALSE,Text,1008,109,143,20,2860,FALSE,FALSE,FALSE,FALSE,FALSE,FALSE,FALSE,FALSE,FALSE,FALSE,FALSE,FALSE,FALSE,TRUE,FALSE,FALSE,FALSE,FALSE,FALSE,FALSE,FALSE
4-0-597-321-653,   Incoming call 6/20/2020 ,,1048640,click,34,TRUE,TRUE,ListItem,605,8,321,56,17976,FALSE,TRUE,FALSE,FALSE,TRUE,FALSE,FALSE,FALSE,FALSE,FALSE,FALSE,FALSE,FALSE,TRUE,FALSE,FALSE,FALSE,FALSE,FALSE,FALSE,FALSE
4-0-653-321-709, Outgoing call 2/15/2020 ,,1048640,click,34,TRUE,TRUE,ListItem,661,8,321,56,17976,FALSE,TRUE,FALSE,FALSE,TRUE,FALSE,FALSE,FALSE,FALSE,FALSE,FALSE,FALSE,FALSE,TRUE,FALSE,FALSE,FALSE,FALSE,FALSE,FALSE,FALSE
4-0-709-321-765,  aml     Incoming call 6/20/2019 ,,1048640,click,34,TRUE,TRUE,ListItem,717,8,321,56,17976,FALSE,TRUE,FALSE,FALSE,TRUE,FALSE,FALSE,FALSE,FALSE,FALSE,FALSE,FALSE,FALSE,TRUE,FALSE,FALSE,FALSE,FALSE,FALSE,FALSE,FALSE
4-0-765-321-821, Outgoing call 4/13/2019 ,,1048640,click,34,TRUE,TRUE,ListItem,773,8,321,56,17976,FALSE,TRUE,FALSE,FALSE,TRUE,FALSE,FALSE,FALSE,FALSE,FALSE,FALSE,FALSE,FALSE,TRUE,FALSE,FALSE,FALSE,FALSE,FALSE,FALSE,FALSE
4-0-821-321-877, Outgoing call 1/24/2019 ,,1048640,click,34,TRUE,TRUE,ListItem,829,8,321,56,17976,FALSE,TRUE,FALSE,FALSE,TRUE,FALSE,FALSE,FALSE,FALSE,FALSE,FALSE,FALSE,FALSE,TRUE,FALSE,FALSE,FALSE,FALSE,FALSE,FALSE,FALSE
4-0-877-321-933,  Incoming call 12/29/2018 ,,1048640,click,34,TRUE,TRUE,ListItem,885,8,321,56,17976,FALSE,TRUE,FALSE,FALSE,TRUE,FALSE,FALSE,FALSE,FALSE,FALSE,FALSE,FALSE,FALSE,TRUE,FALSE,FALSE,FALSE,FALSE,FALSE,FALSE,FALSE
5-60-324-301-366, g  Incoming call Today at 11:15 AM ,,1048576,press,43,TRUE,TRUE,Button,332,68,241,42,10122,FALSE,TRUE,FALSE,FALSE,FALSE,FALSE,FALSE,FALSE,FALSE,FALSE,FALSE,FALSE,FALSE,TRUE,FALSE,FALSE,FALSE,FALSE,FALSE,FALSE,FALSE
5-60-380-301-422,  g  Incoming call 9/9/2021 ,,1048576,press,43,TRUE,TRUE,Button,388,68,241,42,10122,FALSE,TRUE,FALSE,FALSE,FALSE,FALSE,FALSE,FALSE,FALSE,FALSE,FALSE,FALSE,FALSE,TRUE,FALSE,FALSE,FALSE,FALSE,FALSE,FALSE,FALSE
5-60-436-301-478, Incoming call 1/28/2021 ,,1048576,press,43,TRUE,TRUE,Button,444,68,241,42,10122,FALSE,TRUE,FALSE,FALSE,FALSE,FALSE,FALSE,FALSE,FALSE,FALSE,FALSE,FALSE,FALSE,TRUE,FALSE,FALSE,FALSE,FALSE,FALSE,FALSE,FALSE
5-60-492-301-534,    Incoming call 9/8/2020 ,,1048576,press,43,TRUE,TRUE,Button,500,68,241,42,10122,FALSE,TRUE,FALSE,FALSE,FALSE,FALSE,FALSE,FALSE,FALSE,FALSE,FALSE,FALSE,FALSE,TRUE,FALSE,FALSE,FALSE,FALSE,FALSE,FALSE,FALSE
5-60-548-301-590,  Incoming call 6/29/2020 ,,1048576,press,43,TRUE,TRUE,Button,556,68,241,42,10122,FALSE,TRUE,FALSE,FALSE,FALSE,FALSE,FALSE,FALSE,FALSE,FALSE,FALSE,FALSE,FALSE,TRUE,FALSE,FALSE,FALSE,FALSE,FALSE,FALSE,FALSE
5-60-604-301-646,   Incoming call 6/20/2020 ,,1048576,press,43,TRUE,TRUE,Button,612,68,241,42,10122,FALSE,TRUE,FALSE,FALSE,FALSE,FALSE,FALSE,FALSE,FALSE,FALSE,FALSE,FALSE,FALSE,TRUE,FALSE,FALSE,FALSE,FALSE,FALSE,FALSE,FALSE
5-60-660-301-702, Outgoing call 2/15/2020 ,,1048576,press,43,TRUE,TRUE,Button,668,68,241,42,10122,FALSE,TRUE,FALSE,FALSE,FALSE,FALSE,FALSE,FALSE,FALSE,FALSE,FALSE,FALSE,FALSE,TRUE,FALSE,FALSE,FALSE,FALSE,FALSE,FALSE,FALSE
5-60-716-301-758,  aml     Incoming call 6/20/2019 ,,1048576,press,43,TRUE,TRUE,Button,724,68,241,42,10122,FALSE,TRUE,FALSE,FALSE,FALSE,FALSE,FALSE,FALSE,FALSE,FALSE,FALSE,FALSE,FALSE,TRUE,FALSE,FALSE,FALSE,FALSE,FALSE,FALSE,FALSE
5-60-772-301-814, Outgoing call 4/13/2019 ,,1048576,press,43,TRUE,TRUE,Button,780,68,241,42,10122,FALSE,TRUE,FALSE,FALSE,FALSE,FALSE,FALSE,FALSE,FALSE,FALSE,FALSE,FALSE,FALSE,TRUE,FALSE,FALSE,FALSE,FALSE,FALSE,FALSE,FALSE
5-60-828-301-870,,,1048576,press,43,TRUE,TRUE,Button,836,68,241,42,10122,FALSE,TRUE,FALSE,FALSE,FALSE,FALSE,FALSE,FALSE,FALSE,FALSE,FALSE,FALSE,FALSE,TRUE,FALSE,FALSE,FALSE,FALSE,FALSE,FALSE,FALSE
5-60-884-301-926,  Incoming call 12/29/2018 ,,1048576,press,43,TRUE,TRUE,Button,892,68,241,42,10122,FALSE,TRUE,FALSE,FALSE,FALSE,FALSE,FALSE,FALSE,FALSE,FALSE,FALSE,FALSE,FALSE,TRUE,FALSE,FALSE,FALSE,FALSE,FALSE,FALSE,FALSE
6-60-324-149-345, g ,,0,click ancestor,41,TRUE,FALSE,Text,332,68,89,21,1869,FALSE,TRUE,FALSE,FALSE,FALSE,FALSE,FALSE,FALSE,FALSE,FALSE,FALSE,FALSE,FALSE,TRUE,FALSE,FALSE,FALSE,FALSE,FALSE,FALSE,FALSE
6-78-346-193-366,Today at 11:15 AM,,0,click ancestor,41,TRUE,FALSE,Text,354,86,115,20,2300,FALSE,TRUE,FALSE,FALSE,FALSE,FALSE,FALSE,FALSE,FALSE,FALSE,FALSE,FALSE,FALSE,TRUE,FALSE,FALSE,FALSE,FALSE,FALSE,FALSE,FALSE
6-60-380-200-401,  g ,,0,click ancestor,41,TRUE,FALSE,Text,388,68,140,21,2940,FALSE,TRUE,FALSE,FALSE,FALSE,FALSE,FALSE,FALSE,FALSE,FALSE,FALSE,FALSE,FALSE,TRUE,FALSE,FALSE,FALSE,FALSE,FALSE,FALSE,FALSE
6-78-402-135-422,9/9/2021,,0,click ancestor,41,TRUE,FALSE,Text,410,86,57,20,1140,FALSE,TRUE,FALSE,FALSE,FALSE,FALSE,FALSE,FALSE,FALSE,FALSE,FALSE,FALSE,FALSE,TRUE,FALSE,FALSE,FALSE,FALSE,FALSE,FALSE,FALSE
6-60-436-105-457,,,0,click ancestor,41,TRUE,FALSE,Text,444,68,45,21,945,FALSE,TRUE,FALSE,FALSE,FALSE,FALSE,FALSE,FALSE,FALSE,FALSE,FALSE,FALSE,FALSE,TRUE,FALSE,FALSE,FALSE,FALSE,FALSE,FALSE,FALSE
6-78-458-142-478,1/28/2021,,0,click ancestor,41,TRUE,FALSE,Text,466,86,64,20,1280,FALSE,TRUE,FALSE,FALSE,FALSE,FALSE,FALSE,FALSE,FALSE,FALSE,FALSE,FALSE,FALSE,TRUE,FALSE,FALSE,FALSE,FALSE,FALSE,FALSE,FALSE
6-60-492-253-513,   ,,0,click ancestor,41,TRUE,FALSE,Text,500,68,193,21,4053,FALSE,TRUE,FALSE,FALSE,FALSE,FALSE,FALSE,FALSE,FALSE,FALSE,FALSE,FALSE,FALSE,TRUE,FALSE,FALSE,FALSE,FALSE,FALSE,FALSE,FALSE
6-78-514-135-534,9/8/2020,,0,click ancestor,41,TRUE,FALSE,Text,522,86,57,20,1140,FALSE,TRUE,FALSE,FALSE,FALSE,FALSE,FALSE,FALSE,FALSE,FALSE,FALSE,FALSE,FALSE,TRUE,FALSE,FALSE,FALSE,FALSE,FALSE,FALSE,FALSE
6-60-548-171-569, ,,0,click ancestor,41,TRUE,FALSE,Text,556,68,111,21,2331,FALSE,TRUE,FALSE,FALSE,FALSE,FALSE,FALSE,FALSE,FALSE,FALSE,FALSE,FALSE,FALSE,TRUE,FALSE,FALSE,FALSE,FALSE,FALSE,FALSE,FALSE
6-78-570-142-590,6/29/2020,,0,click ancestor,41,TRUE,FALSE,Text,578,86,64,20,1280,FALSE,TRUE,FALSE,FALSE,FALSE,FALSE,FALSE,FALSE,FALSE,FALSE,FALSE,FALSE,FALSE,TRUE,FALSE,FALSE,FALSE,FALSE,FALSE,FALSE,FALSE
6-60-604-237-625,  ,,0,click ancestor,41,TRUE,FALSE,Text,612,68,177,21,3717,FALSE,TRUE,FALSE,FALSE,FALSE,FALSE,FALSE,FALSE,FALSE,FALSE,FALSE,FALSE,FALSE,TRUE,FALSE,FALSE,FALSE,FALSE,FALSE,FALSE,FALSE
6-78-626-142-646,6/20/2020,,0,click ancestor,41,TRUE,FALSE,Text,634,86,64,20,1280,FALSE,TRUE,FALSE,FALSE,FALSE,FALSE,FALSE,FALSE,FALSE,FALSE,FALSE,FALSE,FALSE,TRUE,FALSE,FALSE,FALSE,FALSE,FALSE,FALSE,FALSE
6-60-660-119-681,,,0,click ancestor,41,TRUE,FALSE,Text,668,68,59,21,1239,FALSE,TRUE,FALSE,FALSE,FALSE,FALSE,FALSE,FALSE,FALSE,FALSE,FALSE,FALSE,FALSE,TRUE,FALSE,FALSE,FALSE,FALSE,FALSE,FALSE,FALSE
6-78-682-142-702,2/15/2020,,0,click ancestor,41,TRUE,FALSE,Text,690,86,64,20,1280,FALSE,TRUE,FALSE,FALSE,FALSE,FALSE,FALSE,FALSE,FALSE,FALSE,FALSE,FALSE,FALSE,TRUE,FALSE,FALSE,FALSE,FALSE,FALSE,FALSE,FALSE
6-60-716-223-737,  aml    ,,0,click ancestor,41,TRUE,FALSE,Text,724,68,163,21,3423,FALSE,TRUE,FALSE,FALSE,FALSE,FALSE,FALSE,FALSE,FALSE,FALSE,FALSE,FALSE,FALSE,TRUE,FALSE,FALSE,FALSE,FALSE,FALSE,FALSE,FALSE
6-78-738-142-758,6/20/2019,,0,click ancestor,41,TRUE,FALSE,Text,746,86,64,20,1280,FALSE,TRUE,FALSE,FALSE,FALSE,FALSE,FALSE,FALSE,FALSE,FALSE,FALSE,FALSE,FALSE,TRUE,FALSE,FALSE,FALSE,FALSE,FALSE,FALSE,FALSE
6-60-772-108-793,,,0,click ancestor,41,TRUE,FALSE,Text,780,68,48,21,1008,FALSE,TRUE,FALSE,FALSE,FALSE,FALSE,FALSE,FALSE,FALSE,FALSE,FALSE,FALSE,FALSE,TRUE,FALSE,FALSE,FALSE,FALSE,FALSE,FALSE,FALSE
6-78-794-142-814,4/13/2019,,0,click ancestor,41,TRUE,FALSE,Text,802,86,64,20,1280,FALSE,TRUE,FALSE,FALSE,FALSE,FALSE,FALSE,FALSE,FALSE,FALSE,FALSE,FALSE,FALSE,TRUE,FALSE,FALSE,FALSE,FALSE,FALSE,FALSE,FALSE
6-60-828-270-849,,,0,click ancestor,41,TRUE,FALSE,Text,836,68,210,21,4410,FALSE,TRUE,FALSE,FALSE,FALSE,FALSE,FALSE,FALSE,FALSE,FALSE,FALSE,FALSE,FALSE,TRUE,FALSE,FALSE,FALSE,FALSE,FALSE,FALSE,FALSE
6-78-850-142-870,1/24/2019,,0,click ancestor,41,TRUE,FALSE,Text,858,86,64,20,1280,FALSE,TRUE,FALSE,FALSE,FALSE,FALSE,FALSE,FALSE,FALSE,FALSE,FALSE,FALSE,FALSE,TRUE,FALSE,FALSE,FALSE,FALSE,FALSE,FALSE,FALSE
6-60-884-145-905, ,,0,click ancestor,41,TRUE,FALSE,Text,892,68,85,21,1785,FALSE,TRUE,FALSE,FALSE,FALSE,FALSE,FALSE,FALSE,FALSE,FALSE,FALSE,FALSE,FALSE,TRUE,FALSE,FALSE,FALSE,FALSE,FALSE,FALSE,FALSE
6-0-0-0-0,Well ! ,,65536,click ancestor,41,FALSE,FALSE,Text,8,8,0,0,0,FALSE,TRUE,FALSE,FALSE,FALSE,FALSE,FALSE,FALSE,FALSE,FALSE,FALSE,FALSE,FALSE,TRUE,FALSE,FALSE,FALSE,FALSE,FALSE,FALSE,FALSE
0--8--8-1928-1048,Skype,,0,,16,TRUE,FALSE,Pane,0,0,1936,1056,2044416,FALSE,FALSE,FALSE,FALSE,FALSE,FALSE,FALSE,FALSE,FALSE,FALSE,FALSE,FALSE,FALSE,TRUE,FALSE,TRUE,FALSE,TRUE,FALSE,FALSE,FALSE
1-0-23-1920-1040,,,0,,16,TRUE,FALSE,Pane,31,8,1920,1017,1952640,FALSE,FALSE,FALSE,FALSE,FALSE,FALSE,FALSE,FALSE,FALSE,FALSE,FALSE,FALSE,FALSE,TRUE,FALSE,FALSE,FALSE,FALSE,FALSE,FALSE,FALSE
1-16--5-1920-23,,Displays the name of the window and contains controls to manipulate it,1048576,,1,TRUE,TRUE,TitleBar,3,24,1904,28,53312,FALSE,FALSE,FALSE,FALSE,FALSE,FALSE,FALSE,TRUE,FALSE,FALSE,FALSE,FALSE,FALSE,FALSE,FALSE,FALSE,FALSE,FALSE,FALSE,FALSE,FALSE
2-8-31-48-71,My info Active,,1048576,press,43,TRUE,TRUE,Button,39,16,40,40,1600,FALSE,TRUE,FALSE,FALSE,FALSE,FALSE,FALSE,FALSE,FALSE,FALSE,FALSE,FALSE,FALSE,TRUE,FALSE,FALSE,FALSE,FALSE,FALSE,FALSE,TRUE
2-58-43-120-59, ,,1048576,press,43,TRUE,TRUE,Button,51,66,62,16,992,FALSE,TRUE,FALSE,FALSE,FALSE,FALSE,FALSE,FALSE,FALSE,FALSE,FALSE,FALSE,FALSE,TRUE,FALSE,FALSE,FALSE,FALSE,FALSE,FALSE,FALSE
2-127-43-157-59,Your Skype Credit balance is  000.,,1048576,press,43,TRUE,TRUE,Button,51,135,30,16,480,FALSE,TRUE,FALSE,FALSE,FALSE,FALSE,FALSE,FALSE,FALSE,FALSE,FALSE,FALSE,FALSE,TRUE,FALSE,FALSE,FALSE,FALSE,FALSE,FALSE,FALSE
2-281-36-311-66,More options,More,1074790400,open,57,TRUE,TRUE,MenuItem,44,289,30,30,900,FALSE,TRUE,FALSE,TRUE,FALSE,FALSE,FALSE,FALSE,FALSE,FALSE,FALSE,FALSE,FALSE,TRUE,FALSE,FALSE,FALSE,FALSE,FALSE,FALSE,TRUE
2-9-84-280-114,Search for people groups & messages,People groups & messages,1048576,press,43,TRUE,TRUE,Button,92,17,271,30,8130,FALSE,TRUE,FALSE,FALSE,FALSE,FALSE,FALSE,FALSE,FALSE,FALSE,FALSE,FALSE,FALSE,TRUE,FALSE,FALSE,FALSE,FALSE,FALSE,FALSE,TRUE
2-287-90-306-108,Use dial pad,Use dial pad,1048576,press,43,TRUE,TRUE,Button,98,295,19,18,342,FALSE,TRUE,FALSE,FALSE,FALSE,FALSE,FALSE,FALSE,FALSE,FALSE,FALSE,FALSE,FALSE,TRUE,FALSE,FALSE,FALSE,FALSE,FALSE,FALSE,TRUE
2-0-127-81-178,Chats No unread notifications. 1 of 4,Chats,3145730,click,37,TRUE,TRUE,TabItem,135,8,81,51,4131,FALSE,FALSE,FALSE,FALSE,TRUE,FALSE,FALSE,FALSE,FALSE,FALSE,FALSE,FALSE,FALSE,TRUE,FALSE,FALSE,FALSE,FALSE,FALSE,FALSE,TRUE
2-80-127-161-178,Calls 2 of 4,Calls,3145728,click,37,TRUE,TRUE,TabItem,135,88,81,51,4131,FALSE,FALSE,FALSE,FALSE,TRUE,FALSE,FALSE,FALSE,FALSE,FALSE,FALSE,FALSE,FALSE,TRUE,FALSE,FALSE,FALSE,FALSE,FALSE,FALSE,TRUE
2-160-127-241-178,Contacts 3 of 4,Contacts,3145728,click,37,TRUE,TRUE,TabItem,135,168,81,51,4131,FALSE,FALSE,FALSE,FALSE,TRUE,FALSE,FALSE,FALSE,FALSE,FALSE,FALSE,FALSE,FALSE,TRUE,FALSE,FALSE,FALSE,FALSE,FALSE,FALSE,TRUE
2-240-127-321-178,Notifications No new notifications. 4 of 4,Notifications,3145728,click,37,TRUE,TRUE,TabItem,135,248,81,51,4131,FALSE,FALSE,FALSE,FALSE,TRUE,FALSE,FALSE,FALSE,FALSE,FALSE,FALSE,FALSE,FALSE,TRUE,FALSE,FALSE,FALSE,FALSE,FALSE,FALSE,TRUE
2-8-196-313-228,Add New Contact,New Contact,1048576,press,43,TRUE,TRUE,Button,204,16,305,32,9760,FALSE,TRUE,FALSE,FALSE,FALSE,FALSE,FALSE,FALSE,FALSE,FALSE,FALSE,FALSE,FALSE,TRUE,FALSE,FALSE,FALSE,FALSE,FALSE,FALSE,TRUE
2-10-248-93-264,Filter menu My contacts,,1074790400,open,57,TRUE,TRUE,MenuItem,256,18,83,16,1328,FALSE,TRUE,FALSE,TRUE,FALSE,FALSE,FALSE,FALSE,FALSE,FALSE,FALSE,FALSE,FALSE,TRUE,FALSE,FALSE,FALSE,FALSE,FALSE,FALSE,FALSE
2-0-277-321-1040,Conversations list,,1048576,,20,TRUE,TRUE,Group,285,8,321,763,244923,FALSE,FALSE,FALSE,FALSE,FALSE,FALSE,FALSE,FALSE,FALSE,FALSE,FALSE,FALSE,FALSE,TRUE,FALSE,FALSE,FALSE,FALSE,FALSE,FALSE,FALSE
2-342-38-493-71, g  profile Recently active Mood message: , g ,1048576,press,43,TRUE,TRUE,Button,46,350,151,33,4983,FALSE,TRUE,FALSE,FALSE,FALSE,FALSE,FALSE,FALSE,FALSE,FALSE,FALSE,FALSE,FALSE,TRUE,FALSE,FALSE,FALSE,FALSE,FALSE,FALSE,FALSE
2-455-70-519-96,Open gallery,Gallery,1048576,press,43,TRUE,TRUE,Button,78,463,64,26,1664,FALSE,TRUE,FALSE,FALSE,FALSE,FALSE,FALSE,FALSE,FALSE,FALSE,FALSE,FALSE,FALSE,TRUE,FALSE,FALSE,FALSE,FALSE,FALSE,FALSE,FALSE
2-532-70-580-96,Find,Find,1048576,press,43,TRUE,TRUE,Button,78,540,48,26,1248,FALSE,TRUE,FALSE,FALSE,FALSE,FALSE,FALSE,FALSE,FALSE,FALSE,FALSE,FALSE,FALSE,TRUE,FALSE,FALSE,FALSE,FALSE,FALSE,FALSE,FALSE
2-1765-47-1805-87,Video Call,Video Call,1048576,press,43,TRUE,TRUE,Button,55,1773,40,40,1600,FALSE,TRUE,FALSE,FALSE,FALSE,FALSE,FALSE,FALSE,FALSE,FALSE,FALSE,FALSE,FALSE,TRUE,FALSE,FALSE,FALSE,FALSE,FALSE,FALSE,TRUE
2-1815-47-1855-87,Audio Call,Audio Call,1048576,press,43,TRUE,TRUE,Button,55,1823,40,40,1600,FALSE,TRUE,FALSE,FALSE,FALSE,FALSE,FALSE,FALSE,FALSE,FALSE,FALSE,FALSE,FALSE,TRUE,FALSE,FALSE,FALSE,FALSE,FALSE,FALSE,TRUE
2-1865-47-1905-87,Create new group,Create new group,1048576,press,43,TRUE,TRUE,Button,55,1873,40,40,1600,FALSE,TRUE,FALSE,FALSE,FALSE,FALSE,FALSE,FALSE,FALSE,FALSE,FALSE,FALSE,FALSE,TRUE,FALSE,FALSE,FALSE,FALSE,FALSE,FALSE,TRUE
2-0-0-0-0,,,65536,,20,FALSE,FALSE,Group,8,8,0,0,0,FALSE,FALSE,FALSE,FALSE,FALSE,FALSE,FALSE,FALSE,FALSE,FALSE,FALSE,FALSE,FALSE,TRUE,FALSE,FALSE,FALSE,FALSE,FALSE,FALSE,FALSE
2-591-19-1651-87, g  Sorry in a meeting sent at 11:23 AM.,,1048576,click,16,TRUE,TRUE,Group,27,599,1060,68,72080,FALSE,TRUE,FALSE,FALSE,FALSE,FALSE,FALSE,FALSE,FALSE,FALSE,FALSE,FALSE,FALSE,TRUE,FALSE,FALSE,FALSE,FALSE,FALSE,FALSE,FALSE
2-591-87-1651-127, g  Will call later sent at 11:23 AM.,,1048576,click,16,TRUE,TRUE,Group,95,599,1060,40,42400,FALSE,TRUE,FALSE,FALSE,FALSE,FALSE,FALSE,FALSE,FALSE,FALSE,FALSE,FALSE,FALSE,TRUE,FALSE,FALSE,FALSE,FALSE,FALSE,FALSE,FALSE
2-591-127-1651-194,  Do you have an estimate time? sent at 11:27 AM.,,1048576,click,16,TRUE,TRUE,Group,135,599,1060,67,71020,FALSE,TRUE,FALSE,FALSE,FALSE,FALSE,FALSE,FALSE,FALSE,FALSE,FALSE,FALSE,FALSE,TRUE,FALSE,FALSE,FALSE,FALSE,FALSE,FALSE,FALSE
2-591-194-1651-298, g  Around 2 sent at 11:37 AM.  reacted with a Yes.,,1048576,click,16,TRUE,TRUE,Group,202,599,1060,104,110240,FALSE,TRUE,FALSE,FALSE,FALSE,FALSE,FALSE,FALSE,FALSE,FALSE,FALSE,FALSE,FALSE,TRUE,FALSE,FALSE,FALSE,FALSE,FALSE,FALSE,FALSE
2-591-298-1651-365,  Ready? sent at 2:28 PM.,,1048576,click,16,TRUE,TRUE,Group,306,599,1060,67,71020,FALSE,TRUE,FALSE,FALSE,FALSE,FALSE,FALSE,FALSE,FALSE,FALSE,FALSE,FALSE,FALSE,TRUE,FALSE,FALSE,FALSE,FALSE,FALSE,FALSE,FALSE
2-591-365-1651-421,A call from  g  at 2:40 PM.,,1048576,click,16,TRUE,TRUE,Group,373,599,1060,56,59360,FALSE,TRUE,FALSE,FALSE,FALSE,FALSE,FALSE,FALSE,FALSE,FALSE,FALSE,FALSE,FALSE,TRUE,FALSE,FALSE,FALSE,FALSE,FALSE,FALSE,FALSE
2-591-421-1651-457,Wednesday,,1048576,click,16,TRUE,TRUE,Group,429,599,1060,36,38160,FALSE,TRUE,FALSE,FALSE,FALSE,FALSE,FALSE,FALSE,FALSE,FALSE,FALSE,FALSE,FALSE,TRUE,FALSE,FALSE,FALSE,FALSE,FALSE,FALSE,FALSE
2-591-457-1651-513,A call from  g  at 11:44 AM.,,1048576,click,16,TRUE,TRUE,Group,465,599,1060,56,59360,FALSE,TRUE,FALSE,FALSE,FALSE,FALSE,FALSE,FALSE,FALSE,FALSE,FALSE,FALSE,FALSE,TRUE,FALSE,FALSE,FALSE,FALSE,FALSE,FALSE,FALSE
2-591-513-1651-549,Yesterday,,1048576,click,16,TRUE,TRUE,Group,521,599,1060,36,38160,FALSE,TRUE,FALSE,FALSE,FALSE,FALSE,FALSE,FALSE,FALSE,FALSE,FALSE,FALSE,FALSE,TRUE,FALSE,FALSE,FALSE,FALSE,FALSE,FALSE,FALSE
2-591-549-1651-616,  Ready? sent at 11:17 AM.,,1048576,click,16,TRUE,TRUE,Group,557,599,1060,67,71020,FALSE,TRUE,FALSE,FALSE,FALSE,FALSE,FALSE,FALSE,FALSE,FALSE,FALSE,FALSE,FALSE,TRUE,FALSE,FALSE,FALSE,FALSE,FALSE,FALSE,FALSE
2-591-616-1651-684, g  Not yet..let's push it to tomorrow..I just woke up..had a long work night  sent at 11:19 AM.,,1048576,click,16,TRUE,TRUE,Group,624,599,1060,68,72080,FALSE,TRUE,FALSE,FALSE,FALSE,FALSE,FALSE,FALSE,FALSE,FALSE,FALSE,FALSE,FALSE,TRUE,FALSE,FALSE,FALSE,FALSE,FALSE,FALSE,FALSE
2-591-684-1651-751,  Ok sent at 11:19 AM.,,1048576,click,16,TRUE,TRUE,Group,692,599,1060,67,71020,FALSE,TRUE,FALSE,FALSE,FALSE,FALSE,FALSE,FALSE,FALSE,FALSE,FALSE,FALSE,FALSE,TRUE,FALSE,FALSE,FALSE,FALSE,FALSE,FALSE,FALSE
2-591-751-1651-787,Today,,1048576,click,16,TRUE,TRUE,Group,759,599,1060,36,38160,FALSE,TRUE,FALSE,FALSE,FALSE,FALSE,FALSE,FALSE,FALSE,FALSE,FALSE,FALSE,FALSE,TRUE,FALSE,FALSE,FALSE,FALSE,FALSE,FALSE,FALSE
2-591-787-1651-854,  Ready? sent at 11:01 AM.,,1048576,click,16,TRUE,TRUE,Group,795,599,1060,67,71020,FALSE,TRUE,FALSE,FALSE,FALSE,FALSE,FALSE,FALSE,FALSE,FALSE,FALSE,FALSE,FALSE,TRUE,FALSE,FALSE,FALSE,FALSE,FALSE,FALSE,FALSE
2-591-854-1651-878,Conversation read up to this point by 1 person.,,1048576,click,16,TRUE,TRUE,Group,862,599,1060,24,25440,FALSE,TRUE,FALSE,FALSE,FALSE,FALSE,FALSE,FALSE,FALSE,FALSE,FALSE,FALSE,FALSE,TRUE,FALSE,FALSE,FALSE,FALSE,FALSE,FALSE,FALSE
2-591-878-1651-934,A call from  g  at 11:15 AM.,,1048576,click,16,TRUE,TRUE,Group,886,599,1060,56,59360,FALSE,TRUE,FALSE,FALSE,FALSE,FALSE,FALSE,FALSE,FALSE,FALSE,FALSE,FALSE,FALSE,TRUE,FALSE,FALSE,FALSE,FALSE,FALSE,FALSE,FALSE
2-591-934-1651-960,,,1048576,click,16,TRUE,TRUE,Pane,942,599,1060,26,27560,FALSE,TRUE,FALSE,FALSE,FALSE,FALSE,FALSE,FALSE,FALSE,FALSE,FALSE,FALSE,FALSE,TRUE,FALSE,FALSE,FALSE,FALSE,FALSE,FALSE,FALSE
2-648-974-688-1014,Open Expression picker,Open Expression picker,1048576,press,43,TRUE,TRUE,Button,982,656,40,40,1600,FALSE,TRUE,FALSE,FALSE,FALSE,FALSE,FALSE,FALSE,FALSE,FALSE,FALSE,FALSE,FALSE,TRUE,FALSE,FALSE,FALSE,FALSE,FALSE,FALSE,FALSE
2-693-984-1360-1003,Type a message,,1048576,activate,42,TRUE,TRUE,Edit,992,701,667,19,12673,FALSE,TRUE,FALSE,FALSE,FALSE,FALSE,TRUE,TRUE,FALSE,FALSE,FALSE,FALSE,FALSE,TRUE,FALSE,FALSE,FALSE,FALSE,FALSE,FALSE,FALSE
2-1364-974-1404-1014,Open Richtext Editor,Open Richtext Editor,1048576,press,43,TRUE,TRUE,Button,982,1372,40,40,1600,FALSE,TRUE,FALSE,FALSE,FALSE,FALSE,FALSE,FALSE,FALSE,FALSE,FALSE,FALSE,FALSE,TRUE,FALSE,FALSE,FALSE,FALSE,FALSE,FALSE,FALSE
2-1418-974-1458-1014,Add files,Add files,1048576,press,43,TRUE,TRUE,Button,982,1426,40,40,1600,FALSE,TRUE,FALSE,FALSE,FALSE,FALSE,FALSE,FALSE,FALSE,FALSE,FALSE,FALSE,FALSE,TRUE,FALSE,FALSE,FALSE,FALSE,FALSE,FALSE,FALSE
2-1466-974-1506-1014,Send contacts to this chat,Send contacts to this chat,1048576,press,43,TRUE,TRUE,Button,982,1474,40,40,1600,FALSE,TRUE,FALSE,FALSE,FALSE,FALSE,FALSE,FALSE,FALSE,FALSE,FALSE,FALSE,FALSE,TRUE,FALSE,FALSE,FALSE,FALSE,FALSE,FALSE,FALSE
2-1514-974-1554-1014,Record a message,Record a message,1048576,press,43,TRUE,TRUE,Button,982,1522,40,40,1600,FALSE,TRUE,FALSE,FALSE,FALSE,FALSE,FALSE,FALSE,FALSE,FALSE,FALSE,FALSE,FALSE,TRUE,FALSE,FALSE,FALSE,FALSE,FALSE,FALSE,FALSE
2-1562-974-1602-1014,More options,,1048576,press,43,TRUE,TRUE,Button,982,1570,40,40,1600,FALSE,TRUE,FALSE,FALSE,FALSE,FALSE,FALSE,FALSE,FALSE,FALSE,FALSE,FALSE,FALSE,TRUE,FALSE,FALSE,FALSE,FALSE,FALSE,FALSE,FALSE
2-1919-1039-1920-1040,Recent accessibility announcements,,64,,33,TRUE,FALSE,List,1047,1927,1,1,1,FALSE,FALSE,TRUE,FALSE,FALSE,FALSE,FALSE,FALSE,FALSE,FALSE,FALSE,FALSE,FALSE,TRUE,FALSE,FALSE,FALSE,FALSE,FALSE,FALSE,FALSE
2-0-0-22-22,System,Contains commands to manipulate the window,1048576,,2,TRUE,TRUE,MenuBar,8,8,22,22,484,FALSE,FALSE,FALSE,FALSE,FALSE,FALSE,FALSE,FALSE,FALSE,FALSE,FALSE,FALSE,FALSE,FALSE,FALSE,FALSE,FALSE,FALSE,FALSE,FALSE,FALSE
2-1779-8-1826-22,Minimize,Moves the window out of the way,0,Press,43,TRUE,FALSE,Button,16,1787,47,14,658,FALSE,TRUE,FALSE,FALSE,FALSE,FALSE,FALSE,FALSE,FALSE,FALSE,FALSE,FALSE,FALSE,FALSE,FALSE,FALSE,FALSE,FALSE,FALSE,FALSE,TRUE
2-1826-8-1872-22,Restore,Puts a minimized or maximized window back to normal,0,Press,43,TRUE,FALSE,Button,16,1834,46,14,644,FALSE,TRUE,FALSE,FALSE,FALSE,FALSE,FALSE,FALSE,FALSE,FALSE,FALSE,FALSE,FALSE,FALSE,FALSE,FALSE,FALSE,FALSE,FALSE,FALSE,TRUE
2-1872-8-1928-22,Close,Closes the window,0,Press,43,TRUE,FALSE,Button,16,1880,56,14,784,FALSE,TRUE,FALSE,FALSE,FALSE,FALSE,FALSE,FALSE,FALSE,FALSE,FALSE,FALSE,FALSE,FALSE,FALSE,FALSE,FALSE,FALSE,FALSE,FALSE,TRUE
2-0-23-1920-1040,,,0,,16,TRUE,FALSE,Pane,31,8,1920,1017,1952640,FALSE,FALSE,FALSE,FALSE,FALSE,FALSE,FALSE,FALSE,FALSE,FALSE,FALSE,FALSE,FALSE,TRUE,FALSE,FALSE,FALSE,FALSE,FALSE,FALSE,FALSE
3-127-43-157-59,0,,0,,41,TRUE,FALSE,Text,51,135,30,16,480,FALSE,FALSE,FALSE,FALSE,FALSE,FALSE,FALSE,FALSE,FALSE,FALSE,FALSE,FALSE,FALSE,TRUE,FALSE,FALSE,FALSE,FALSE,FALSE,FALSE,FALSE
3-38-90-185-107,People groups & messages,,0,,41,TRUE,FALSE,Text,98,46,147,17,2499,FALSE,FALSE,FALSE,FALSE,FALSE,FALSE,FALSE,FALSE,FALSE,FALSE,FALSE,FALSE,FALSE,TRUE,FALSE,FALSE,FALSE,FALSE,FALSE,FALSE,FALSE
3-27-157-53-172,Chats,,0,,41,TRUE,FALSE,Text,165,35,26,15,390,FALSE,FALSE,FALSE,FALSE,FALSE,FALSE,FALSE,FALSE,FALSE,FALSE,FALSE,FALSE,FALSE,TRUE,FALSE,FALSE,FALSE,FALSE,FALSE,FALSE,FALSE
3-110-157-131-172,Calls,,0,,41,TRUE,FALSE,Text,165,118,21,15,315,FALSE,FALSE,FALSE,FALSE,FALSE,FALSE,FALSE,FALSE,FALSE,FALSE,FALSE,FALSE,FALSE,TRUE,FALSE,FALSE,FALSE,FALSE,FALSE,FALSE,FALSE
3-181-157-220-172,Contacts,,0,,41,TRUE,FALSE,Text,165,189,39,15,585,FALSE,FALSE,FALSE,FALSE,FALSE,FALSE,FALSE,FALSE,FALSE,FALSE,FALSE,FALSE,FALSE,TRUE,FALSE,FALSE,FALSE,FALSE,FALSE,FALSE,FALSE
3-252-157-309-172,Notifications,,0,,41,TRUE,FALSE,Text,165,260,57,15,855,FALSE,FALSE,FALSE,FALSE,FALSE,FALSE,FALSE,FALSE,FALSE,FALSE,FALSE,FALSE,FALSE,TRUE,FALSE,FALSE,FALSE,FALSE,FALSE,FALSE,FALSE
3-137-204-206-220,New Contact,,0,,41,TRUE,FALSE,Text,212,145,69,16,1104,FALSE,FALSE,FALSE,FALSE,FALSE,FALSE,FALSE,FALSE,FALSE,FALSE,FALSE,FALSE,FALSE,TRUE,FALSE,FALSE,FALSE,FALSE,FALSE,FALSE,FALSE
3-10-248-79-264,My contacts,,0,,41,TRUE,FALSE,Text,256,18,69,16,1104,FALSE,FALSE,FALSE,FALSE,FALSE,FALSE,FALSE,FALSE,FALSE,FALSE,FALSE,FALSE,FALSE,TRUE,FALSE,FALSE,FALSE,FALSE,FALSE,FALSE,FALSE
3-0-277-321-597,Favorites,,1048576,,20,TRUE,TRUE,Group,285,8,321,320,102720,FALSE,FALSE,FALSE,FALSE,FALSE,FALSE,FALSE,FALSE,FALSE,FALSE,FALSE,FALSE,FALSE,TRUE,FALSE,FALSE,FALSE,FALSE,FALSE,FALSE,FALSE
3-0-597-321-1407,A,,1048576,,20,TRUE,TRUE,Group,605,8,321,810,260010,FALSE,FALSE,FALSE,FALSE,FALSE,FALSE,FALSE,FALSE,FALSE,FALSE,FALSE,FALSE,FALSE,TRUE,FALSE,FALSE,FALSE,FALSE,FALSE,FALSE,FALSE
3-0-0-0-0,Call?,,65536,click ancestor,41,FALSE,FALSE,Text,8,8,0,0,0,FALSE,TRUE,FALSE,FALSE,FALSE,FALSE,FALSE,FALSE,FALSE,FALSE,FALSE,FALSE,FALSE,TRUE,FALSE,FALSE,FALSE,FALSE,FALSE,FALSE,FALSE
3-342-38-493-71, g ,,0,click ancestor,41,TRUE,FALSE,Text,46,350,151,33,4983,FALSE,TRUE,FALSE,FALSE,FALSE,FALSE,FALSE,FALSE,FALSE,FALSE,FALSE,FALSE,FALSE,TRUE,FALSE,FALSE,FALSE,FALSE,FALSE,FALSE,FALSE
3-478-74-519-91,Gallery,,0,,41,TRUE,FALSE,Text,82,486,41,17,697,FALSE,FALSE,FALSE,FALSE,FALSE,FALSE,FALSE,FALSE,FALSE,FALSE,FALSE,FALSE,FALSE,TRUE,FALSE,FALSE,FALSE,FALSE,FALSE,FALSE,FALSE
3-555-74-580-91,Find,,0,,41,TRUE,FALSE,Text,82,563,25,17,425,FALSE,FALSE,FALSE,FALSE,FALSE,FALSE,FALSE,FALSE,FALSE,FALSE,FALSE,FALSE,FALSE,TRUE,FALSE,FALSE,FALSE,FALSE,FALSE,FALSE,FALSE
3-591-29-631-71, g  profile,,1048576,press,43,TRUE,TRUE,Button,37,599,40,42,1680,FALSE,TRUE,FALSE,FALSE,FALSE,FALSE,FALSE,FALSE,FALSE,FALSE,FALSE,FALSE,FALSE,TRUE,FALSE,FALSE,FALSE,FALSE,FALSE,FALSE,FALSE
3-652-58-762-77,Sorry in a meeting,,0,click ancestor,41,TRUE,FALSE,Text,66,660,110,19,2090,FALSE,TRUE,FALSE,FALSE,FALSE,FALSE,FALSE,FALSE,FALSE,FALSE,FALSE,FALSE,FALSE,TRUE,FALSE,FALSE,FALSE,FALSE,FALSE,FALSE,FALSE
3-773-46-818-85,React to this message,React to this message,1048576,press,43,TRUE,TRUE,Button,54,781,45,39,1755,FALSE,TRUE,FALSE,FALSE,FALSE,FALSE,FALSE,FALSE,FALSE,FALSE,FALSE,FALSE,FALSE,TRUE,FALSE,FALSE,FALSE,FALSE,FALSE,FALSE,FALSE
3-652-98-728-117,Will call later,,0,click ancestor,41,TRUE,FALSE,Text,106,660,76,19,1444,FALSE,TRUE,FALSE,FALSE,FALSE,FALSE,FALSE,FALSE,FALSE,FALSE,FALSE,FALSE,FALSE,TRUE,FALSE,FALSE,FALSE,FALSE,FALSE,FALSE,FALSE
3-739-88-784-127,React to this message,React to this message,1048576,press,43,TRUE,TRUE,Button,96,747,45,39,1755,FALSE,TRUE,FALSE,FALSE,FALSE,FALSE,FALSE,FALSE,FALSE,FALSE,FALSE,FALSE,FALSE,TRUE,FALSE,FALSE,FALSE,FALSE,FALSE,FALSE,FALSE
3-1404-165-1589-184,Do you have an estimate time?,,0,click ancestor,41,TRUE,FALSE,Text,173,1412,185,19,3515,FALSE,TRUE,FALSE,FALSE,FALSE,FALSE,FALSE,FALSE,FALSE,FALSE,FALSE,FALSE,FALSE,TRUE,FALSE,FALSE,FALSE,FALSE,FALSE,FALSE,FALSE
3-591-204-631-246, g  profile,,1048576,press,43,TRUE,TRUE,Button,212,599,40,42,1680,FALSE,TRUE,FALSE,FALSE,FALSE,FALSE,FALSE,FALSE,FALSE,FALSE,FALSE,FALSE,FALSE,TRUE,FALSE,FALSE,FALSE,FALSE,FALSE,FALSE,FALSE
3-652-233-708-252,Around 2,,0,click ancestor,41,TRUE,FALSE,Text,241,660,56,19,1064,FALSE,TRUE,FALSE,FALSE,FALSE,FALSE,FALSE,FALSE,FALSE,FALSE,FALSE,FALSE,FALSE,TRUE,FALSE,FALSE,FALSE,FALSE,FALSE,FALSE,FALSE
3-651-262-681-292,  reacted with a Yes.,See who reacted with emoticon Yes,1048576,press,43,TRUE,TRUE,Button,270,659,30,30,900,FALSE,TRUE,FALSE,FALSE,FALSE,FALSE,FALSE,FALSE,FALSE,FALSE,FALSE,FALSE,FALSE,TRUE,FALSE,FALSE,FALSE,FALSE,FALSE,FALSE,FALSE
3-722-221-767-260,React to this message,React to this message,1048576,press,43,TRUE,TRUE,Button,229,730,45,39,1755,FALSE,TRUE,FALSE,FALSE,FALSE,FALSE,FALSE,FALSE,FALSE,FALSE,FALSE,FALSE,FALSE,TRUE,FALSE,FALSE,FALSE,FALSE,FALSE,FALSE,FALSE
3-1546-336-1589-355,Ready?,,0,click ancestor,41,TRUE,FALSE,Text,344,1554,43,19,817,FALSE,TRUE,FALSE,FALSE,FALSE,FALSE,FALSE,FALSE,FALSE,FALSE,FALSE,FALSE,FALSE,TRUE,FALSE,FALSE,FALSE,FALSE,FALSE,FALSE,FALSE
3-1099-385-1143-401,2:40 PM,,0,,41,TRUE,FALSE,Text,393,1107,44,16,704,FALSE,FALSE,FALSE,FALSE,FALSE,FALSE,FALSE,FALSE,FALSE,FALSE,FALSE,FALSE,FALSE,TRUE,FALSE,FALSE,FALSE,FALSE,FALSE,FALSE,FALSE
3-641-421-1601-457,Wednesday,,1048576,click ancestor,20,TRUE,TRUE,Text,429,649,960,36,34560,FALSE,TRUE,FALSE,FALSE,FALSE,FALSE,FALSE,FALSE,FALSE,FALSE,FALSE,FALSE,FALSE,TRUE,FALSE,FALSE,FALSE,FALSE,FALSE,FALSE,FALSE
3-1095-477-1147-493,11:44 AM,,0,,41,TRUE,FALSE,Text,485,1103,52,16,832,FALSE,FALSE,FALSE,FALSE,FALSE,FALSE,FALSE,FALSE,FALSE,FALSE,FALSE,FALSE,FALSE,TRUE,FALSE,FALSE,FALSE,FALSE,FALSE,FALSE,FALSE
3-641-513-1601-549,Yesterday,,1048576,click ancestor,20,TRUE,TRUE,Text,521,649,960,36,34560,FALSE,TRUE,FALSE,FALSE,FALSE,FALSE,FALSE,FALSE,FALSE,FALSE,FALSE,FALSE,FALSE,TRUE,FALSE,FALSE,FALSE,FALSE,FALSE,FALSE,FALSE
3-1546-587-1589-606,Ready?,,0,click ancestor,41,TRUE,FALSE,Text,595,1554,43,19,817,FALSE,TRUE,FALSE,FALSE,FALSE,FALSE,FALSE,FALSE,FALSE,FALSE,FALSE,FALSE,FALSE,TRUE,FALSE,FALSE,FALSE,FALSE,FALSE,FALSE,FALSE
3-591-626-631-668, g  profile,,1048576,press,43,TRUE,TRUE,Button,634,599,40,42,1680,FALSE,TRUE,FALSE,FALSE,FALSE,FALSE,FALSE,FALSE,FALSE,FALSE,FALSE,FALSE,FALSE,TRUE,FALSE,FALSE,FALSE,FALSE,FALSE,FALSE,FALSE
3-652-655-1080-674,Not yet..let's push it to tomorrow..I just woke up..had a long work night ,,0,click ancestor,41,TRUE,FALSE,Text,663,660,428,19,8132,FALSE,TRUE,FALSE,FALSE,FALSE,FALSE,FALSE,FALSE,FALSE,FALSE,FALSE,FALSE,FALSE,TRUE,FALSE,FALSE,FALSE,FALSE,FALSE,FALSE,FALSE
3-1091-643-1136-682,React to this message,React to this message,1048576,press,43,TRUE,TRUE,Button,651,1099,45,39,1755,FALSE,TRUE,FALSE,FALSE,FALSE,FALSE,FALSE,FALSE,FALSE,FALSE,FALSE,FALSE,FALSE,TRUE,FALSE,FALSE,FALSE,FALSE,FALSE,FALSE,FALSE
3-1561-722-1579-741,Ok,,0,click ancestor,41,TRUE,FALSE,Text,730,1569,18,19,342,FALSE,TRUE,FALSE,FALSE,FALSE,FALSE,FALSE,FALSE,FALSE,FALSE,FALSE,FALSE,FALSE,TRUE,FALSE,FALSE,FALSE,FALSE,FALSE,FALSE,FALSE
3-641-751-1601-787,Today,,1048576,click ancestor,20,TRUE,TRUE,Text,759,649,960,36,34560,FALSE,TRUE,FALSE,FALSE,FALSE,FALSE,FALSE,FALSE,FALSE,FALSE,FALSE,FALSE,FALSE,TRUE,FALSE,FALSE,FALSE,FALSE,FALSE,FALSE,FALSE
3-1546-825-1589-844,Ready?,,0,click ancestor,41,TRUE,FALSE,Text,833,1554,43,19,817,FALSE,TRUE,FALSE,FALSE,FALSE,FALSE,FALSE,FALSE,FALSE,FALSE,FALSE,FALSE,FALSE,TRUE,FALSE,FALSE,FALSE,FALSE,FALSE,FALSE,FALSE
3-1581-854-1601-878,Conversation read up to this point by 1 person.,,1048576,press,43,TRUE,TRUE,Button,862,1589,20,24,480,FALSE,TRUE,FALSE,FALSE,FALSE,FALSE,FALSE,FALSE,FALSE,FALSE,FALSE,FALSE,FALSE,TRUE,FALSE,FALSE,FALSE,FALSE,FALSE,FALSE,FALSE
3-1095-898-1147-914,11:15 AM,,0,,41,TRUE,FALSE,Text,906,1103,52,16,832,FALSE,FALSE,FALSE,FALSE,FALSE,FALSE,FALSE,FALSE,FALSE,FALSE,FALSE,FALSE,FALSE,TRUE,FALSE,FALSE,FALSE,FALSE,FALSE,FALSE,FALSE
3-1919-1039-1920-1040,,,0,,20,TRUE,FALSE,Group,1047,1927,1,1,1,FALSE,FALSE,FALSE,FALSE,FALSE,FALSE,FALSE,FALSE,FALSE,FALSE,FALSE,FALSE,FALSE,TRUE,FALSE,FALSE,FALSE,FALSE,FALSE,FALSE,FALSE
3-0-0-22-22,System,,1074790400,Open,12,TRUE,TRUE,MenuItem,8,8,22,22,484,FALSE,TRUE,FALSE,TRUE,FALSE,FALSE,FALSE,FALSE,FALSE,FALSE,FALSE,FALSE,FALSE,FALSE,FALSE,FALSE,FALSE,FALSE,FALSE,FALSE,FALSE
3-0-23-1920-1040,,,0,,16,TRUE,FALSE,Pane,31,8,1920,1017,1952640,FALSE,FALSE,FALSE,FALSE,FALSE,FALSE,FALSE,FALSE,FALSE,FALSE,FALSE,FALSE,FALSE,TRUE,FALSE,FALSE,FALSE,FALSE,FALSE,FALSE,FALSE
4-0-317-321-373, g  Recently active Incoming call Today at 11:15 AM ,,1048640,click,34,TRUE,TRUE,ListItem,325,8,321,56,17976,FALSE,TRUE,FALSE,FALSE,TRUE,FALSE,FALSE,FALSE,FALSE,FALSE,FALSE,FALSE,FALSE,TRUE,FALSE,FALSE,FALSE,FALSE,FALSE,FALSE,FALSE
4-0-373-321-429,  g  Incoming call 9/9/2021 ,,1048640,click,34,TRUE,TRUE,ListItem,381,8,321,56,17976,FALSE,TRUE,FALSE,FALSE,TRUE,FALSE,FALSE,FALSE,FALSE,FALSE,FALSE,FALSE,FALSE,TRUE,FALSE,FALSE,FALSE,FALSE,FALSE,FALSE,FALSE
4-0-429-321-485, Active now Incoming call 1/28/2021 ,,1048640,click,34,TRUE,TRUE,ListItem,437,8,321,56,17976,FALSE,TRUE,FALSE,FALSE,TRUE,FALSE,FALSE,FALSE,FALSE,FALSE,FALSE,FALSE,FALSE,TRUE,FALSE,FALSE,FALSE,FALSE,FALSE,FALSE,FALSE
4-0-485-321-541,    Incoming call 9/8/2020 ,,1048640,click,34,TRUE,TRUE,ListItem,493,8,321,56,17976,FALSE,TRUE,FALSE,FALSE,TRUE,FALSE,FALSE,FALSE,FALSE,FALSE,FALSE,FALSE,FALSE,TRUE,FALSE,FALSE,FALSE,FALSE,FALSE,FALSE,FALSE
4-0-541-321-597,  Incoming call 6/29/2020 ,,1048640,click,34,TRUE,TRUE,ListItem,549,8,321,56,17976,FALSE,TRUE,FALSE,FALSE,TRUE,FALSE,FALSE,FALSE,FALSE,FALSE,FALSE,FALSE,FALSE,TRUE,FALSE,FALSE,FALSE,FALSE,FALSE,FALSE,FALSE
4-0-637-321-692,,,1048640,click,34,TRUE,TRUE,ListItem,645,8,321,55,17655,FALSE,TRUE,FALSE,FALSE,TRUE,FALSE,FALSE,FALSE,FALSE,FALSE,FALSE,FALSE,FALSE,TRUE,FALSE,FALSE,FALSE,FALSE,FALSE,FALSE,FALSE
4-0-692-321-747,,,1048640,click,34,TRUE,TRUE,ListItem,700,8,321,55,17655,FALSE,TRUE,FALSE,FALSE,TRUE,FALSE,FALSE,FALSE,FALSE,FALSE,FALSE,FALSE,FALSE,TRUE,FALSE,FALSE,FALSE,FALSE,FALSE,FALSE,FALSE
4-0-747-321-802,,,1048640,click,34,TRUE,TRUE,ListItem,755,8,321,55,17655,FALSE,TRUE,FALSE,FALSE,TRUE,FALSE,FALSE,FALSE,FALSE,FALSE,FALSE,FALSE,FALSE,TRUE,FALSE,FALSE,FALSE,FALSE,FALSE,FALSE,FALSE
4-0-802-321-857, ,,1048640,click,34,TRUE,TRUE,ListItem,810,8,321,55,17655,FALSE,TRUE,FALSE,FALSE,TRUE,FALSE,FALSE,FALSE,FALSE,FALSE,FALSE,FALSE,FALSE,TRUE,FALSE,FALSE,FALSE,FALSE,FALSE,FALSE,FALSE
4-0-857-321-912,  ,,1048640,click,34,TRUE,TRUE,ListItem,865,8,321,55,17655,FALSE,TRUE,FALSE,FALSE,TRUE,FALSE,FALSE,FALSE,FALSE,FALSE,FALSE,FALSE,FALSE,TRUE,FALSE,FALSE,FALSE,FALSE,FALSE,FALSE,FALSE
4-0-912-321-967,,,1048640,click,34,TRUE,TRUE,ListItem,920,8,321,55,17655,FALSE,TRUE,FALSE,FALSE,TRUE,FALSE,FALSE,FALSE,FALSE,FALSE,FALSE,FALSE,FALSE,TRUE,FALSE,FALSE,FALSE,FALSE,FALSE,FALSE,FALSE
4-0-967-321-1022,,,1048640,click,34,TRUE,TRUE,ListItem,975,8,321,55,17655,FALSE,TRUE,FALSE,FALSE,TRUE,FALSE,FALSE,FALSE,FALSE,FALSE,FALSE,FALSE,FALSE,TRUE,FALSE,FALSE,FALSE,FALSE,FALSE,FALSE,FALSE
4-0-1022-321-1077,,,1048640,click,34,TRUE,TRUE,ListItem,1030,8,321,55,17655,FALSE,TRUE,FALSE,FALSE,TRUE,FALSE,FALSE,FALSE,FALSE,FALSE,FALSE,FALSE,FALSE,TRUE,FALSE,FALSE,FALSE,FALSE,FALSE,FALSE,FALSE
4-0-0-0-0,,,65536,click ancestor,41,FALSE,FALSE,Text,8,8,0,0,0,FALSE,TRUE,FALSE,FALSE,FALSE,FALSE,FALSE,FALSE,FALSE,FALSE,FALSE,FALSE,FALSE,TRUE,FALSE,FALSE,FALSE,FALSE,FALSE,FALSE,FALSE
4-1919-1039-1998-1186,Skype cannot be used for emergency calling.,,0,,41,TRUE,FALSE,Text,1047,1927,79,147,11613,FALSE,FALSE,FALSE,FALSE,FALSE,FALSE,FALSE,FALSE,FALSE,FALSE,FALSE,FALSE,FALSE,TRUE,FALSE,FALSE,FALSE,FALSE,FALSE,FALSE,FALSE
4-1919-1039-1988-1081,Welcome ,,0,,41,TRUE,FALSE,Text,1047,1927,69,42,2898,FALSE,FALSE,FALSE,FALSE,FALSE,FALSE,FALSE,FALSE,FALSE,FALSE,FALSE,FALSE,FALSE,TRUE,FALSE,FALSE,FALSE,FALSE,FALSE,FALSE,FALSE
4-1919-1039-1982-1081,Message sent.,,0,,41,TRUE,FALSE,Text,1047,1927,63,42,2646,FALSE,FALSE,FALSE,FALSE,FALSE,FALSE,FALSE,FALSE,FALSE,FALSE,FALSE,FALSE,FALSE,TRUE,FALSE,FALSE,FALSE,FALSE,FALSE,FALSE,FALSE
4-1919-1039-1981-1291,New message from  g  A call received at 11:15 AM.,,0,,41,TRUE,FALSE,Text,1047,1927,62,252,15624,FALSE,FALSE,FALSE,FALSE,FALSE,FALSE,FALSE,FALSE,FALSE,FALSE,FALSE,FALSE,FALSE,TRUE,FALSE,FALSE,FALSE,FALSE,FALSE,FALSE,FALSE
4-1919-1039-1972-1102,Screen sharing started.,,0,,41,TRUE,FALSE,Text,1047,1927,53,63,3339,FALSE,FALSE,FALSE,FALSE,FALSE,FALSE,FALSE,FALSE,FALSE,FALSE,FALSE,FALSE,FALSE,TRUE,FALSE,FALSE,FALSE,FALSE,FALSE,FALSE,FALSE
4-1919-1039-1965-1081,Dialog closed,,0,,41,TRUE,FALSE,Text,1047,1927,46,42,1932,FALSE,FALSE,FALSE,FALSE,FALSE,FALSE,FALSE,FALSE,FALSE,FALSE,FALSE,FALSE,FALSE,TRUE,FALSE,FALSE,FALSE,FALSE,FALSE,FALSE,FALSE
4-1919-1039-1969-1102,Screen share started,,0,,41,TRUE,FALSE,Text,1047,1927,50,63,3150,FALSE,FALSE,FALSE,FALSE,FALSE,FALSE,FALSE,FALSE,FALSE,FALSE,FALSE,FALSE,FALSE,TRUE,FALSE,FALSE,FALSE,FALSE,FALSE,FALSE,FALSE
4-1919-1039-1965-1102,My Info closed,,0,,41,TRUE,FALSE,Text,1047,1927,46,63,2898,FALSE,FALSE,FALSE,FALSE,FALSE,FALSE,FALSE,FALSE,FALSE,FALSE,FALSE,FALSE,FALSE,TRUE,FALSE,FALSE,FALSE,FALSE,FALSE,FALSE,FALSE
4-0-23-1920-1040,,,0,,16,TRUE,FALSE,Pane,31,8,1920,1017,1952640,FALSE,FALSE,FALSE,FALSE,FALSE,FALSE,FALSE,FALSE,FALSE,FALSE,FALSE,FALSE,FALSE,TRUE,FALSE,FALSE,FALSE,FALSE,FALSE,FALSE,FALSE
5-60-335-139-355,  aml ,,0,click ancestor,41,TRUE,FALSE,Text,343,68,79,20,1580,FALSE,TRUE,FALSE,FALSE,FALSE,FALSE,FALSE,FALSE,FALSE,FALSE,FALSE,FALSE,FALSE,TRUE,FALSE,FALSE,FALSE,FALSE,FALSE,FALSE,FALSE
5-60-391-86-411,Can,,0,click ancestor,41,TRUE,FALSE,Text,399,68,26,20,520,FALSE,TRUE,FALSE,FALSE,FALSE,FALSE,FALSE,FALSE,FALSE,FALSE,FALSE,FALSE,FALSE,TRUE,FALSE,FALSE,FALSE,FALSE,FALSE,FALSE,FALSE
5-60-437-109-458,,,0,click ancestor,41,TRUE,FALSE,Text,445,68,49,21,1029,FALSE,TRUE,FALSE,FALSE,FALSE,FALSE,FALSE,FALSE,FALSE,FALSE,FALSE,FALSE,FALSE,TRUE,FALSE,FALSE,FALSE,FALSE,FALSE,FALSE,FALSE
5-60-457-133-477,Screw Peek ,,0,click ancestor,41,TRUE,FALSE,Text,465,68,73,20,1460,FALSE,TRUE,FALSE,FALSE,FALSE,FALSE,FALSE,FALSE,FALSE,FALSE,FALSE,FALSE,FALSE,TRUE,FALSE,FALSE,FALSE,FALSE,FALSE,FALSE,FALSE
5-60-493-108-514,,,0,click ancestor,41,TRUE,FALSE,Text,501,68,48,21,1008,FALSE,TRUE,FALSE,FALSE,FALSE,FALSE,FALSE,FALSE,FALSE,FALSE,FALSE,FALSE,FALSE,TRUE,FALSE,FALSE,FALSE,FALSE,FALSE,FALSE,FALSE
5-60-513-176-533,,,0,click ancestor,41,TRUE,FALSE,Text,521,68,116,20,2320,FALSE,TRUE,FALSE,FALSE,FALSE,FALSE,FALSE,FALSE,FALSE,FALSE,FALSE,FALSE,FALSE,TRUE,FALSE,FALSE,FALSE,FALSE,FALSE,FALSE,FALSE
5-60-559-108-579,,,0,click ancestor,41,TRUE,FALSE,Text,567,68,48,20,960,FALSE,TRUE,FALSE,FALSE,FALSE,FALSE,FALSE,FALSE,FALSE,FALSE,FALSE,FALSE,FALSE,TRUE,FALSE,FALSE,FALSE,FALSE,FALSE,FALSE,FALSE
5-60-654-130-675,,,0,click ancestor,41,TRUE,FALSE,Text,662,68,70,21,1470,FALSE,TRUE,FALSE,FALSE,FALSE,FALSE,FALSE,FALSE,FALSE,FALSE,FALSE,FALSE,FALSE,TRUE,FALSE,FALSE,FALSE,FALSE,FALSE,FALSE,FALSE
5-60-709-143-730,,,0,click ancestor,41,TRUE,FALSE,Text,717,68,83,21,1743,FALSE,TRUE,FALSE,FALSE,FALSE,FALSE,FALSE,FALSE,FALSE,FALSE,FALSE,FALSE,FALSE,TRUE,FALSE,FALSE,FALSE,FALSE,FALSE,FALSE,FALSE
5-60-764-147-785,,,0,click ancestor,41,TRUE,FALSE,Text,772,68,87,21,1827,FALSE,TRUE,FALSE,FALSE,FALSE,FALSE,FALSE,FALSE,FALSE,FALSE,FALSE,FALSE,FALSE,TRUE,FALSE,FALSE,FALSE,FALSE,FALSE,FALSE,FALSE
5-60-819-119-840,,,0,click ancestor,41,TRUE,FALSE,Text,827,68,59,21,1239,FALSE,TRUE,FALSE,FALSE,FALSE,FALSE,FALSE,FALSE,FALSE,FALSE,FALSE,FALSE,FALSE,TRUE,FALSE,FALSE,FALSE,FALSE,FALSE,FALSE,FALSE
5-60-874-120-895, ,,0,click ancestor,41,TRUE,FALSE,Text,882,68,60,21,1260,FALSE,TRUE,FALSE,FALSE,FALSE,FALSE,FALSE,FALSE,FALSE,FALSE,FALSE,FALSE,FALSE,TRUE,FALSE,FALSE,FALSE,FALSE,FALSE,FALSE,FALSE
5-60-929-279-950,,,0,click ancestor,41,TRUE,FALSE,Text,937,68,219,21,4599,FALSE,TRUE,FALSE,FALSE,FALSE,FALSE,FALSE,FALSE,FALSE,FALSE,FALSE,FALSE,FALSE,TRUE,FALSE,FALSE,FALSE,FALSE,FALSE,FALSE,FALSE
5-60-984-139-1005,,,0,click ancestor,41,TRUE,FALSE,Text,992,68,79,21,1659,FALSE,TRUE,FALSE,FALSE,FALSE,FALSE,FALSE,FALSE,FALSE,FALSE,FALSE,FALSE,FALSE,TRUE,FALSE,FALSE,FALSE,FALSE,FALSE,FALSE,FALSE
5-60-1039-150-1060,,,0,click ancestor,41,TRUE,FALSE,Text,1047,68,90,21,1890,FALSE,TRUE,FALSE,FALSE,FALSE,FALSE,FALSE,FALSE,FALSE,FALSE,FALSE,FALSE,FALSE,TRUE,FALSE,FALSE,FALSE,FALSE,FALSE,FALSE,FALSE
5-0-0-0-0,1/18/2015,,65536,,41,FALSE,FALSE,Text,8,8,0,0,0,FALSE,FALSE,FALSE,FALSE,FALSE,FALSE,FALSE,FALSE,FALSE,FALSE,FALSE,FALSE,FALSE,TRUE,FALSE,FALSE,FALSE,FALSE,FALSE,FALSE,FALSE
